title,year,trakt_id,slug,imdb_id,tmdb_id,user_rating_trakt,user_rating_normalized,rated_at,plays,last_watched_at,imdbId_norm,tmdbId_norm,movieId_tmdb,movieId_imdb,movieId,match_source,title_ml,title_clean_ml,year_ml,genres_ml,rating_mean_ml,rating_count_ml
Hoppers,2026,1085761,hoppers-2026,tt26443616,1327819,,,,4,2026-03-29T00:54:00.000Z,26443616,1327819,,,,unmapped,,,,,,
Ted,2012,52936,ted-2012,tt1637725,72105,,,,3,2026-04-26T14:11:00.000Z,1637725,72105,95441.0,95441.0,95441,tmdb,Ted (2012),Ted,2012.0,Comedy|Fantasy,3.13076193861832,8439.0
Backrooms,2026,870815,backrooms-2026,tt26657236,1083381,,,,3,2026-06-07T14:48:00.000Z,26657236,1083381,,,,unmapped,,,,,,
Coraline,2009,8984,coraline-2009,tt0327597,14836,,,,2,2026-01-30T18:46:00.000Z,0327597,14836,66097.0,66097.0,66097,tmdb,Coraline (2009),Coraline,2009.0,Animation|Fantasy|Thriller,3.747544204322201,9671.0
Whiplash,2014,149047,whiplash-2014,tt2582802,244786,,,,2,2026-04-29T23:24:00.000Z,2582802,244786,112552.0,112552.0,112552,tmdb,Whiplash (2014),Whiplash,2014.0,Drama,4.154746624223443,19477.0
The Bad Guys,2022,469856,the-bad-guys-2022,tt8115900,629542,,,,2,2026-02-08T23:59:00.000Z,8115900,629542,272407.0,272407.0,272407,tmdb,The Bad Guys (2022),The Bad Guys,2022.0,Action|Animation|Children|Comedy|Crime,3.2926356589147288,258.0
My Fault,2023,812422,my-fault-2023,tt21909764,1010581,,,,2,2026-01-30T21:17:00.000Z,21909764,1010581,288135.0,288135.0,288135,tmdb,My Fault (2023),My Fault,2023.0,Drama|Romance,3.954545454545455,11.0
Novocaine,2025,964679,novocaine-2025,tt29603959,1195506,,,,2,2025-04-20T11:34:00.000Z,29603959,1195506,,,,unmapped,,,,,,
28 Years Later: The Bone Temple,2026,1033738,28-years-later-the-bone-temple-2026,tt32141377,1272837,,,,2,2026-02-07T00:28:00.000Z,32141377,1272837,,,,unmapped,,,,,,
Marty Supreme,2025,1076665,marty-supreme-2025,tt32916440,1317288,,,,2,2026-03-19T12:43:00.000Z,32916440,1317288,,,,unmapped,,,,,,
Star Wars,1977,7,star-wars-1977,tt0076759,11,,,,1,2026-01-24T12:14:00.000Z,0076759,11,260.0,260.0,260,tmdb,Star Wars: Episode IV - A New Hope (1977),Star Wars: Episode IV - A New Hope,1977.0,Action|Adventure|Sci-Fi,4.099823550170568,85010.0
Forrest Gump,1994,9,forrest-gump-1994,tt0109830,13,,,,1,2026-01-24T12:28:00.000Z,0109830,13,356.0,356.0,356,tmdb,Forrest Gump (1994),Forrest Gump,1994.0,Comedy|Drama|Romance|War,4.052743878120762,100296.0
American Beauty,1999,10,american-beauty-1999,tt0169547,14,,,,1,2026-02-07T13:58:00.000Z,0169547,14,2858.0,2858.0,2858,tmdb,American Beauty (1999),American Beauty,1999.0,Drama|Romance,4.0930507382055925,65158.0
The Fifth Element,1997,14,the-fifth-element-1997,tt0119116,18,,,,1,2026-01-24T12:08:00.000Z,0119116,18,1527.0,1527.0,1527,tmdb,"Fifth Element, The (1997)","Fifth Element, The",1997.0,Action|Adventure|Comedy|Sci-Fi,3.785869297163995,40550.0
Pirates of the Caribbean: The Curse of the Black Pearl,2003,18,pirates-of-the-caribbean-the-curse-of-the-black-pearl-2003,tt0325980,22,,,,1,2026-01-24T14:50:00.000Z,0325980,22,6539.0,6539.0,6539,tmdb,Pirates of the Caribbean: The Curse of the Black Pearl (2003),Pirates of the Caribbean: The Curse of the Black Pearl,2003.0,Action|Adventure|Comedy|Fantasy,3.78053035589672,48722.0
Kill Bill: Vol. 1,2003,19,kill-bill-vol-1-2003,tt0266697,24,,,,1,2026-01-24T13:12:00.000Z,0266697,24,6874.0,6874.0,6874,tmdb,Kill Bill: Vol. 1 (2003),Kill Bill: Vol. 1,2003.0,Action|Crime|Thriller,3.853561537609394,45135.0
Apocalypse Now,1979,23,apocalypse-now-1979,tt0078788,28,,,,1,2026-01-24T12:07:00.000Z,0078788,28,1208.0,1208.0,1208,tmdb,Apocalypse Now (1979),Apocalypse Now,1979.0,Action|Drama|War,4.119902823051849,32518.0
Eternal Sunshine of the Spotless Mind,2004,29,eternal-sunshine-of-the-spotless-mind-2004,tt0338013,38,,,,1,2026-01-24T12:06:00.000Z,0338013,38,7361.0,7361.0,7361,tmdb,Eternal Sunshine of the Spotless Mind (2004),Eternal Sunshine of the Spotless Mind,2004.0,Drama|Romance|Sci-Fi,4.065293720459149,44430.0
Pirates of the Caribbean: Dead Man's Chest,2006,31,pirates-of-the-caribbean-dead-man-s-chest-2006,tt0383574,58,,,,1,2026-01-24T14:51:00.000Z,0383574,58,45722.0,45722.0,45722,tmdb,Pirates of the Caribbean: Dead Man's Chest (2006),Pirates of the Caribbean: Dead Man's Chest,2006.0,Action|Adventure|Fantasy,3.4652716353987243,21481.0
2001: A Space Odyssey,1968,33,2001-a-space-odyssey-1968,tt0062622,62,,,,1,2026-01-24T14:49:00.000Z,0062622,62,924.0,924.0,924,tmdb,2001: A Space Odyssey (1968),2001: A Space Odyssey,1968.0,Adventure|Drama|Sci-Fi,3.995171703678967,35934.0
Twelve Monkeys,1995,34,twelve-monkeys-1995,tt0114746,63,,,,1,2026-01-24T13:07:00.000Z,0114746,63,32.0,32.0,32,tmdb,Twelve Monkeys (a.k.a. 12 Monkeys) (1995),Twelve Monkeys (a.k.a. 12 Monkeys),1995.0,Mystery|Sci-Fi|Thriller,3.910185436454093,55275.0
American History X,1998,43,american-history-x-1998,tt0120586,73,,,,1,2026-01-24T13:07:00.000Z,0120586,73,2329.0,2329.0,2329,tmdb,American History X (1998),American History X,1998.0,Crime|Drama,4.130443708779223,38967.0
Before Sunrise,1995,46,before-sunrise-1995,tt0112471,76,,,,1,2026-01-24T12:36:00.000Z,0112471,76,215.0,215.0,215,tmdb,Before Sunrise (1995),Before Sunrise,1995.0,Drama|Romance,3.9393581878244457,8476.0
Memento,2000,47,memento-2000,tt0209144,77,,,,1,2026-01-24T12:07:00.000Z,0209144,77,4226.0,4226.0,4226,tmdb,Memento (2000),Memento,2000.0,Mystery|Thriller,4.14160050691416,53658.0
Blade Runner,1982,48,blade-runner-1982,tt0083658,78,,,,1,2026-01-24T12:29:00.000Z,0083658,78,541.0,541.0,541,tmdb,Blade Runner (1982),Blade Runner,1982.0,Action|Sci-Fi|Thriller,4.110004536714986,46289.0
Before Sunset,2004,50,before-sunset-2004,tt0381681,80,,,,1,2026-01-24T12:07:00.000Z,0381681,80,8638.0,8638.0,8638,tmdb,Before Sunset (2004),Before Sunset,2004.0,Drama|Romance,4.003973819541842,6417.0
Raiders of the Lost Ark,1981,54,raiders-of-the-lost-ark-1981,tt0082971,85,,,,1,2026-01-24T12:29:00.000Z,0082971,85,1198.0,1198.0,1198,tmdb,Raiders of the Lost Ark (Indiana Jones and the Raiders of the Lost Ark) (1981),Raiders of the Lost Ark (Indiana Jones and the Raiders of the Lost Ark),1981.0,Action|Adventure,4.1118932470923335,67408.0
Indiana Jones and the Temple of Doom,1984,56,indiana-jones-and-the-temple-of-doom-1984,tt0087469,87,,,,1,2026-01-24T13:41:00.000Z,0087469,87,2115.0,2115.0,2115,tmdb,Indiana Jones and the Temple of Doom (1984),Indiana Jones and the Temple of Doom,1984.0,Action|Adventure|Fantasy,3.698931521813341,29294.0
Indiana Jones and the Last Crusade,1989,58,indiana-jones-and-the-last-crusade-1989,tt0097576,89,,,,1,2026-01-24T12:29:00.000Z,0097576,89,1291.0,1291.0,1291,tmdb,Indiana Jones and the Last Crusade (1989),Indiana Jones and the Last Crusade,1989.0,Action|Adventure,3.986864507230448,46401.0
Gladiator,2000,67,gladiator-2000,tt0172495,98,,,,1,2026-01-24T12:06:00.000Z,0172495,98,3578.0,3578.0,3578,tmdb,Gladiator (2000),Gladiator,2000.0,Action|Adventure|Drama,3.961182962279587,57449.0
All About My Mother,1999,68,all-about-my-mother-1999,tt0185125,99,,,,1,2026-02-04T19:06:00.000Z,0185125,99,3083.0,3083.0,3083,tmdb,All About My Mother (Todo sobre mi madre) (1999),All About My Mother (Todo sobre mi madre),1999.0,Drama,3.97923413983616,5249.0
Taxi Driver,1976,72,taxi-driver-1976,tt0075314,103,,,,1,2026-01-24T12:07:00.000Z,0075314,103,111.0,111.0,111,tmdb,Taxi Driver (1976),Taxi Driver,1976.0,Crime|Drama|Thriller,4.076663846972467,36647.0
Snatch,2000,76,snatch-2000,tt0208092,107,,,,1,2026-01-24T12:07:00.000Z,0208092,107,4011.0,4011.0,4011,tmdb,Snatch (2000),Snatch,2000.0,Comedy|Crime|Thriller,4.066981451290411,32509.0
Scarface,1983,80,scarface-1983,tt0086250,111,,,,1,2026-01-24T12:14:00.000Z,0086250,111,4262.0,4262.0,4262,tmdb,Scarface (1983),Scarface,1983.0,Action|Crime|Drama,3.936380845185716,19546.0
The Big Lebowski,1998,84,the-big-lebowski-1998,tt0118715,115,,,,1,2026-01-24T12:07:00.000Z,0118715,115,1732.0,1732.0,1732,tmdb,"Big Lebowski, The (1998)","Big Lebowski, The",1998.0,Comedy|Crime,3.9925307436243087,36349.0
The Lord of the Rings: The Fellowship of the Ring,2001,88,the-lord-of-the-rings-the-fellowship-of-the-ring-2001,tt0120737,120,,,,1,2026-01-24T12:28:00.000Z,0120737,120,4993.0,4993.0,4993,tmdb,"Lord of the Rings: The Fellowship of the Ring, The (2001)","Lord of the Rings: The Fellowship of the Ring, The",2001.0,Adventure|Fantasy,4.0921336943737865,73122.0
The Lord of the Rings: The Two Towers,2002,89,the-lord-of-the-rings-the-two-towers-2002,tt0167261,121,,,,1,2025-03-09T17:03:00.000Z,0167261,121,5952.0,5952.0,5952,tmdb,"Lord of the Rings: The Two Towers, The (2002)","Lord of the Rings: The Two Towers, The",2002.0,Adventure|Fantasy,4.072187717711931,67463.0
The Lord of the Rings: The Return of the King,2003,90,the-lord-of-the-rings-the-return-of-the-king-2003,tt0167260,122,,,,1,2026-01-24T12:13:00.000Z,0167260,122,7153.0,7153.0,7153,tmdb,"Lord of the Rings: The Return of the King, The (2003)","Lord of the Rings: The Return of the King, The",2003.0,Action|Adventure|Drama|Fantasy,4.094360183249567,67449.0
Donnie Darko,2001,107,donnie-darko-2001,tt0246578,141,,,,1,2026-01-24T12:36:00.000Z,0246578,141,4878.0,4878.0,4878,tmdb,Donnie Darko (2001),Donnie Darko,2001.0,Drama|Mystery|Sci-Fi|Thriller,3.935532551054948,35452.0
The Dark Knight,2008,120,the-dark-knight-2008,tt0468569,155,,,,1,2026-01-24T12:06:00.000Z,0468569,155,58559.0,58559.0,58559,tmdb,"Dark Knight, The (2008)","Dark Knight, The",2008.0,Action|Crime|Drama|IMAX,4.173349175851957,59334.0
Ocean's Eleven,2001,126,ocean-s-eleven-2001,tt0240772,161,,,,1,2026-01-24T14:53:00.000Z,0240772,161,4963.0,4963.0,4963,tmdb,Ocean's Eleven (2001),Ocean's Eleven,2001.0,Crime|Thriller,3.813365844190504,41217.0
Edward Scissorhands,1990,127,edward-scissorhands-1990,tt0099487,162,,,,1,2026-02-05T13:51:00.000Z,0099487,162,2291.0,2291.0,2291,tmdb,Edward Scissorhands (1990),Edward Scissorhands,1990.0,Drama|Fantasy|Romance,3.7258879709993376,28689.0
28 Days Later,2002,135,28-days-later-2002,tt0289043,170,,,,1,2026-01-24T13:41:00.000Z,0289043,170,6502.0,6502.0,6502,tmdb,28 Days Later (2002),28 Days Later,2002.0,Action|Horror|Sci-Fi,3.772136512388967,21390.0
A Clockwork Orange,1971,149,a-clockwork-orange-1971,tt0066921,185,,,,1,2026-01-24T12:29:00.000Z,0066921,185,1206.0,1206.0,1206,tmdb,"Clockwork Orange, A (1971)","Clockwork Orange, A",1971.0,Crime|Drama|Sci-Fi|Thriller,3.985441903416807,36818.0
The Name of the Rose,1986,155,the-name-of-the-rose-1986,tt0091605,192,,,,1,2026-01-24T12:36:00.000Z,0091605,192,2467.0,2467.0,2467,tmdb,"Name of the Rose, The (Name der Rose, Der) (1986)","Name of the Rose, The (Name der Rose, Der)",1986.0,Crime|Drama|Mystery|Thriller,3.864240506329114,6320.0
Amélie,2001,157,amelie-2001,tt0211915,194,,,,1,2026-01-24T12:30:00.000Z,0211915,194,4973.0,4973.0,4973,tmdb,"Amelie (Fabuleux destin d'Amélie Poulain, Le) (2001)","Amelie (Fabuleux destin d'Amélie Poulain, Le)",2001.0,Comedy|Romance,4.082169401044663,43459.0
Dead Poets Society,1989,169,dead-poets-society-1989,tt0097165,207,,,,1,2026-01-24T12:07:00.000Z,0097165,207,1246.0,1246.0,1246,tmdb,Dead Poets Society (1989),Dead Poets Society,1989.0,Drama,3.938424359594007,31035.0
The Godfather,1972,196,the-godfather-1972,tt0068646,238,,,,1,2026-01-24T12:27:00.000Z,0068646,238,858.0,858.0,858,tmdb,"Godfather, The (1972)","Godfather, The",1972.0,Crime|Drama,4.317030403371463,66440.0
The Godfather: Part II,1974,198,the-godfather-part-ii-1974,tt0071562,240,,,,1,2026-01-24T12:36:00.000Z,0071562,240,1221.0,1221.0,1221,tmdb,"Godfather: Part II, The (1974)","Godfather: Part II, The",1974.0,Crime|Drama,4.26446846512491,43111.0
Batman Begins,2005,228,batman-begins-2005,tt0372784,272,,,,1,2026-01-24T13:41:00.000Z,0372784,272,33794.0,33794.0,33794,tmdb,Batman Begins (2005),Batman Begins,2005.0,Action|Crime|IMAX,3.920404932111501,41686.0
The Silence of the Lambs,1991,230,the-silence-of-the-lambs-1991,tt0102926,274,,,,1,2026-01-24T12:07:00.000Z,0102926,274,593.0,593.0,593,tmdb,"Silence of the Lambs, The (1991)","Silence of the Lambs, The",1991.0,Crime|Horror|Thriller,4.148367098416916,90330.0
Fargo,1996,231,fargo-1996,tt0116282,275,,,,1,2026-01-24T12:07:00.000Z,0116282,275,608.0,608.0,608,tmdb,Fargo (1996),Fargo,1996.0,Comedy|Crime|Drama|Thriller,4.116532542951181,58031.0
Pirates of the Caribbean: At World's End,2007,239,pirates-of-the-caribbean-at-world-s-end-2007,tt0449088,285,,,,1,2026-01-24T13:07:00.000Z,0449088,285,53125.0,53125.0,53125,tmdb,Pirates of the Caribbean: At World's End (2007),Pirates of the Caribbean: At World's End,2007.0,Action|Adventure|Comedy|Fantasy,3.390636122435773,15453.0
Once Upon a Time in America,1984,262,once-upon-a-time-in-america-1984,tt0087843,311,,,,1,2026-01-24T12:07:00.000Z,0087843,311,1227.0,1227.0,1227,tmdb,Once Upon a Time in America (1984),Once Upon a Time in America,1984.0,Crime|Drama,3.978902953586498,5925.0
Jurassic Park,1993,276,jurassic-park-1993,tt0107290,329,,,,1,2026-01-24T12:29:00.000Z,0107290,329,480.0,480.0,480,tmdb,Jurassic Park (1993),Jurassic Park,1993.0,Action|Adventure|Sci-Fi|Thriller,3.698622944718408,75233.0
Alien,1979,295,alien-1979,tt0078748,348,,,,1,2026-01-24T12:28:00.000Z,0078748,348,1214.0,1214.0,1214,tmdb,Alien (1979),Alien,1979.0,Horror|Sci-Fi,4.068401495211343,45211.0
Kill Bill: Vol. 2,2004,313,kill-bill-vol-2-2004,tt0378194,393,,,,1,2026-01-24T12:07:00.000Z,0378194,393,7438.0,7438.0,7438,tmdb,Kill Bill: Vol. 2 (2004),Kill Bill: Vol. 2,2004.0,Action|Drama|Thriller,3.824481917374869,37301.0
La Haine,1995,324,la-haine-1995,tt0113247,406,,,,1,2026-01-24T12:28:00.000Z,0113247,406,97.0,97.0,97,tmdb,"Hate (Haine, La) (1995)","Hate (Haine, La)",1995.0,Crime|Drama,4.004987175833571,3509.0
A Beautiful Mind,2001,358,a-beautiful-mind-2001,tt0268978,453,,,,1,2026-01-24T12:07:00.000Z,0268978,453,4995.0,4995.0,4995,tmdb,"Beautiful Mind, A (2001)","Beautiful Mind, A",2001.0,Drama|Romance,3.958603757991201,41139.0
Borat: Cultural Learnings of America for Make Benefit Glorious Nation of Kazakhstan,2006,389,borat-cultural-learnings-of-america-for-make-benefit-glorious-nation-of-kazakhstan-2006,tt0443453,496,,,,1,2026-01-24T12:07:00.000Z,0443453,496,48385.0,48385.0,48385,tmdb,Borat: Cultural Learnings of America for Make Benefit Glorious Nation of Kazakhstan (2006),Borat: Cultural Learnings of America for Make Benefit Glorious Nation of Kazakhstan,2006.0,Comedy,3.4152356127977104,19566.0
Reservoir Dogs,1992,392,reservoir-dogs-1992,tt0105236,500,,,,1,2026-01-24T12:28:00.000Z,0105236,500,1089.0,1089.0,1089,tmdb,Reservoir Dogs (1992),Reservoir Dogs,1992.0,Crime|Mystery|Thriller,4.092682369083009,43730.0
Casino,1995,409,casino-1995,tt0112641,524,,,,1,2026-01-24T12:07:00.000Z,0112641,524,16.0,16.0,16,tmdb,Casino (1995),Casino,1995.0,Crime|Drama,3.8383487308278768,22298.0
Life of Brian,1979,462,life-of-brian-1979,tt0079470,583,,,,1,2026-01-24T12:08:00.000Z,0079470,583,1080.0,1080.0,1080,tmdb,Monty Python's Life of Brian (1979),Monty Python's Life of Brian,1979.0,Comedy,3.9873039718598857,27292.0
"Monsters, Inc.",2001,464,monsters-inc-2001,tt0198781,585,,,,1,2026-01-24T14:49:00.000Z,0198781,585,4886.0,4886.0,4886,tmdb,"Monsters, Inc. (2001)","Monsters, Inc.",2001.0,Adventure|Animation|Children|Comedy|Fantasy,3.8374424363541575,46036.0
City of God,2002,476,city-of-god-2002,tt0317248,598,,,,1,2026-02-14T12:52:00.000Z,0317248,598,6016.0,6016.0,6016,tmdb,City of God (Cidade de Deus) (2002),City of God (Cidade de Deus),2002.0,Action|Adventure|Crime|Drama|Thriller,4.178663189037683,25688.0
Full Metal Jacket,1987,478,full-metal-jacket-1987,tt0093058,600,,,,1,2026-01-24T12:07:00.000Z,0093058,600,1222.0,1222.0,1222,tmdb,Full Metal Jacket (1987),Full Metal Jacket,1987.0,Drama|War,4.049029260638134,32501.0
The Matrix,1999,481,the-matrix-1999,tt0133093,603,,,,1,2026-01-24T12:13:00.000Z,0133093,603,2571.0,2571.0,2571,tmdb,"Matrix, The (1999)","Matrix, The",1999.0,Action|Sci-Fi|Thriller,4.156436551253624,93808.0
The Matrix Revolutions,2003,483,the-matrix-revolutions-2003,tt0242653,605,,,,1,2026-01-24T13:06:00.000Z,0242653,605,6934.0,6934.0,6934,tmdb,"Matrix Revolutions, The (2003)","Matrix Revolutions, The",2003.0,Action|Adventure|Sci-Fi|Thriller|IMAX,3.2361703025444117,23699.0
Downfall,2004,489,downfall-2004,tt0363163,613,,,,1,2026-01-24T17:27:00.000Z,0363163,613,31410.0,31410.0,31410,tmdb,"Downfall (Untergang, Der) (2004)","Downfall (Untergang, Der)",2004.0,Drama|War,3.999727074235808,7328.0
Grease,1978,497,grease-1978,tt0077631,621,,,,1,2026-01-24T14:52:00.000Z,0077631,621,1380.0,1380.0,1380,tmdb,Grease (1978),Grease,1978.0,Comedy|Musical|Romance,3.307592729578358,18926.0
Trainspotting,1996,503,trainspotting-1996,tt0117951,627,,,,1,2026-01-24T12:29:00.000Z,0117951,627,778.0,778.0,778,tmdb,Trainspotting (1996),Trainspotting,1996.0,Comedy|Crime|Drama,4.008880265133275,35303.0
Life Is Beautiful,1997,513,life-is-beautiful-1997,tt0118799,637,,,,1,2026-01-24T13:12:00.000Z,0118799,637,2324.0,2324.0,2324,tmdb,Life Is Beautiful (La Vita è bella) (1997),Life Is Beautiful (La Vita è bella),1997.0,Comedy|Drama|Romance|War,4.150373922666756,29819.0
Requiem for a Dream,2000,517,requiem-for-a-dream-2000,tt0180093,641,,,,1,2026-01-24T12:29:00.000Z,0180093,641,3949.0,3949.0,3949,tmdb,Requiem for a Dream (2000),Requiem for a Dream,2000.0,Drama,3.983923379510861,29235.0
Pulp Fiction,1994,554,pulp-fiction-1994,tt0110912,680,,,,1,2026-01-24T12:06:00.000Z,0110912,680,296.0,296.0,296,tmdb,Pulp Fiction (1994),Pulp Fiction,1994.0,Comedy|Crime|Drama|Thriller,4.196968773181315,98409.0
The Shining,1980,566,the-shining-1980,tt0081505,694,,,,1,2026-01-24T12:06:00.000Z,0081505,694,1258.0,1258.0,1258,tmdb,"Shining, The (1980)","Shining, The",1980.0,Horror,4.036438923395445,38640.0
Annie Hall,1977,575,annie-hall-1977,tt0075686,703,,,,1,2026-01-24T13:34:00.000Z,0075686,703,1230.0,1230.0,1230,tmdb,Annie Hall (1977),Annie Hall,1977.0,Comedy|Romance,4.033405785851058,19323.0
The Sixth Sense,1999,590,the-sixth-sense-1999,tt0167404,745,,,,1,2026-01-24T12:08:00.000Z,0167404,745,2762.0,2762.0,2762,tmdb,"Sixth Sense, The (1999)","Sixth Sense, The",1999.0,Drama|Horror|Mystery,4.003209963164357,57010.0
Shaun of the Dead,2004,592,shaun-of-the-dead-2004,tt0365748,747,,,,1,2026-01-24T13:05:00.000Z,0365748,747,8874.0,8874.0,8874,tmdb,Shaun of the Dead (2004),Shaun of the Dead,2004.0,Comedy|Horror,3.878018874934978,26914.0
Monty Python and the Holy Grail,1975,605,monty-python-and-the-holy-grail-1975,tt0071853,762,,,,1,2026-01-24T12:36:00.000Z,0071853,762,1136.0,1136.0,1136,tmdb,Monty Python and the Holy Grail (1975),Monty Python and the Holy Grail,1975.0,Adventure|Comedy|Fantasy,4.1356325793411886,46508.0
Braindead,1992,606,braindead-1992,tt0103873,763,,,,1,2026-01-24T12:37:00.000Z,0103873,763,1241.0,1241.0,1241,tmdb,Dead Alive (Braindead) (1992),Dead Alive (Braindead),1992.0,Comedy|Fantasy|Horror,3.712276589510695,3413.0
GoodFellas,1990,612,goodfellas-1990,tt0099685,769,,,,1,2026-01-24T12:06:00.000Z,0099685,769,1213.0,1213.0,1213,tmdb,Goodfellas (1990),Goodfellas,1990.0,Crime|Drama,4.188427017117825,42003.0
Gattaca,1997,625,gattaca-1997,tt0119177,782,,,,1,2026-01-24T12:07:00.000Z,0119177,782,1653.0,1653.0,1653,tmdb,Gattaca (1997),Gattaca,1997.0,Drama|Sci-Fi|Thriller,3.822816974553009,26958.0
Shrek,2001,651,shrek-2001,tt0126029,808,,,,1,2026-01-24T14:48:00.000Z,0126029,808,4306.0,4306.0,4306,tmdb,Shrek (2001),Shrek,2001.0,Adventure|Animation|Children|Comedy|Fantasy|Romance,3.740491211436073,54844.0
Shrek 2,2004,652,shrek-2-2004,tt0298148,809,,,,1,2026-01-24T14:51:00.000Z,0298148,809,8360.0,8360.0,8360,tmdb,Shrek 2 (2004),Shrek 2,2004.0,Adventure|Animation|Children|Comedy|Musical|Romance,3.474848670599954,26102.0
Toy Story,1995,705,toy-story-1995,tt0114709,862,,,,1,2026-01-24T14:48:00.000Z,0114709,862,1.0,1.0,1,tmdb,Toy Story (1995),Toy Story,1995.0,Adventure|Animation|Children|Comedy|Fantasy,3.8974375697494095,68997.0
Toy Story 2,1999,706,toy-story-2-1999,tt0120363,863,,,,1,2026-01-24T14:50:00.000Z,0120363,863,3114.0,3114.0,3114,tmdb,Toy Story 2 (1999),Toy Story 2,1999.0,Adventure|Animation|Children|Comedy|Fantasy,3.81204295811278,32683.0
The Prestige,2006,851,the-prestige-2006,tt0482571,1124,,,,1,2026-01-24T12:28:00.000Z,0482571,1124,48780.0,48780.0,48780,tmdb,"Prestige, The (2006)","Prestige, The",2006.0,Drama|Mystery|Sci-Fi|Thriller,4.1177309267404825,32965.0
American Psycho,2000,898,american-psycho-2000,tt0144084,1359,,,,1,2026-01-24T13:13:00.000Z,0144084,1359,3535.0,3535.0,3535,tmdb,American Psycho (2000),American Psycho,2000.0,Crime|Horror|Mystery|Thriller,3.685525757896969,18868.0
Pan's Labyrinth,2006,947,pan-s-labyrinth-2006,tt0457430,1417,,,,1,2026-01-24T12:29:00.000Z,0457430,1417,48394.0,48394.0,48394,tmdb,"Pan's Labyrinth (Laberinto del fauno, El) (2006)","Pan's Labyrinth (Laberinto del fauno, El)",2006.0,Drama|Fantasy|Thriller,3.969038007464392,26258.0
The Departed,2006,952,the-departed-2006,tt0407887,1422,,,,1,2026-01-24T17:27:00.000Z,0407887,1422,48516.0,48516.0,48516,tmdb,"Departed, The (2006)","Departed, The",2006.0,Crime|Drama|Thriller,4.131371324781473,35236.0
28 Weeks Later,2007,1021,28-weeks-later-2007,tt0463854,1562,,,,1,2026-01-24T14:50:00.000Z,0463854,1562,53000.0,53000.0,53000,tmdb,28 Weeks Later (2007),28 Weeks Later,2007.0,Horror|Sci-Fi|Thriller,3.4580739423199085,7871.0
Iron Man,2008,1157,iron-man-2008,tt0371746,1726,,,,1,2026-01-24T13:06:00.000Z,0371746,1726,59315.0,59315.0,59315,tmdb,Iron Man (2008),Iron Man,2008.0,Action|Adventure|Sci-Fi,3.815139300208402,36468.0
Fear and Loathing in Las Vegas,1998,1254,fear-and-loathing-in-las-vegas-1998,tt0120669,1878,,,,1,2026-02-04T19:07:00.000Z,0120669,1878,1884.0,1884.0,1884,tmdb,Fear and Loathing in Las Vegas (1998),Fear and Loathing in Las Vegas,1998.0,Adventure|Comedy|Drama,3.760254275768125,13214.0
The Empire Strikes Back,1980,1266,the-empire-strikes-back-1980,tt0080684,1891,,,,1,2026-02-05T13:49:00.000Z,0080684,1891,1196.0,1196.0,1196,tmdb,Star Wars: Episode V - The Empire Strikes Back (1980),Star Wars: Episode V - The Empire Strikes Back,1980.0,Action|Adventure|Sci-Fi,4.13035162367812,72151.0
Return of the Jedi,1983,1267,return-of-the-jedi-1983,tt0086190,1892,,,,1,2026-01-24T12:29:00.000Z,0086190,1892,1210.0,1210.0,1210,tmdb,Star Wars: Episode VI - Return of the Jedi (1983),Star Wars: Episode VI - Return of the Jedi,1983.0,Action|Adventure|Sci-Fi,3.991555055114377,67496.0
The Others,2001,1304,the-others-2001,tt0230600,1933,,,,1,2026-01-24T12:07:00.000Z,0230600,1933,4720.0,4720.0,4720,tmdb,"Others, The (2001)","Others, The",2001.0,Drama|Horror|Mystery|Thriller,3.710248522137773,16578.0
Crank,2006,1319,crank-2006,tt0479884,1948,,,,1,2025-07-21T06:51:00.000Z,0479884,1948,47200.0,47200.0,47200,tmdb,Crank (2006),Crank,2006.0,Action|Thriller,3.3925,5000.0
"I, Robot",2004,1406,i-robot-2004,tt0343818,2048,,,,1,2026-01-24T13:06:00.000Z,0343818,2048,8644.0,8644.0,8644,tmdb,"I, Robot (2004)","I, Robot",2004.0,Action|Adventure|Sci-Fi|Thriller,3.47262851766316,23382.0
Ratatouille,2007,1416,ratatouille-2007,tt0382932,2062,,,,1,2026-01-24T14:50:00.000Z,0382932,2062,50872.0,50872.0,50872,tmdb,Ratatouille (2007),Ratatouille,2007.0,Animation|Children|Drama,3.832298577358357,28187.0
American Pie,1999,1454,american-pie-1999,tt0163651,2105,,,,1,2025-08-30T19:56:00.000Z,0163651,2105,2706.0,2706.0,2706,tmdb,American Pie (1999),American Pie,1999.0,Comedy|Romance,3.2760086723805006,29519.0
Deconstructing Harry,1997,1780,deconstructing-harry-1997,tt0118954,2639,,,,1,2025-05-10T01:31:00.000Z,0118954,2639,1701.0,1701.0,1701,tmdb,Deconstructing Harry (1997),Deconstructing Harry,1997.0,Comedy|Drama,3.4715048975957257,3369.0
American Pie 2,2001,1851,american-pie-2-2001,tt0252866,2770,,,,1,2025-08-30T23:03:00.000Z,0252866,2770,4718.0,4718.0,4718,tmdb,American Pie 2 (2001),American Pie 2,2001.0,Comedy,2.87887206027856,13139.0
Monty Python's The Meaning of Life,1983,2671,monty-python-s-the-meaning-of-life-1983,tt0085959,4543,,,,1,2026-01-24T12:36:00.000Z,0085959,4543,6807.0,6807.0,6807,tmdb,Monty Python's The Meaning of Life (1983),Monty Python's The Meaning of Life,1983.0,Comedy,3.858657553452506,11412.0
The Curious Case of Benjamin Button,2008,2857,the-curious-case-of-benjamin-button-2008,tt0421715,4922,,,,1,2026-02-05T13:52:00.000Z,0421715,4922,64957.0,64957.0,64957,tmdb,"Curious Case of Benjamin Button, The (2008)","Curious Case of Benjamin Button, The",2008.0,Drama|Fantasy|Mystery|Romance,3.5886177235447088,14997.0
10 Things I Hate About You,1999,2885,10-things-i-hate-about-you-1999,tt0147800,4951,,,,1,2026-02-11T18:29:00.000Z,0147800,4951,2572.0,2572.0,2572,tmdb,10 Things I Hate About You (1999),10 Things I Hate About You,1999.0,Comedy|Romance,3.5565299834083905,16876.0
Boogie Nights,1997,2925,boogie-nights-1997,tt0118749,4995,,,,1,2025-09-25T15:10:00.000Z,0118749,4995,1673.0,1673.0,1673,tmdb,Boogie Nights (1997),Boogie Nights,1997.0,Drama,3.723726879654096,16652.0
No Country for Old Men,2007,3798,no-country-for-old-men-2007,tt0477348,6977,,,,1,2026-01-24T12:14:00.000Z,0477348,6977,55820.0,55820.0,55820,tmdb,No Country for Old Men (2007),No Country for Old Men,2007.0,Crime|Drama,4.050814344142565,27384.0
Tropic Thunder,2008,3907,tropic-thunder-2008,tt0942385,7446,,,,1,2026-01-24T13:07:00.000Z,0942385,7446,61132.0,61132.0,61132,tmdb,Tropic Thunder (2008),Tropic Thunder,2008.0,Action|Adventure|Comedy|War,3.429469402847107,10818.0
Punch-Drunk Love,2002,4018,punch-drunk-love-2002,tt0272338,8051,,,,1,2026-01-24T12:28:00.000Z,0272338,8051,5673.0,5673.0,5673,tmdb,Punch-Drunk Love (2002),Punch-Drunk Love,2002.0,Comedy|Drama|Romance,3.5760764392839866,8268.0
American Wedding,2003,4097,american-wedding-2003,tt0328828,8273,,,,1,2025-08-31T15:42:00.000Z,0328828,8273,6586.0,6586.0,6586,tmdb,American Wedding (American Pie 3) (2003),American Wedding (American Pie 3),2003.0,Comedy,2.887727879057359,4498.0
Superbad,2007,4151,superbad-2007,tt0829482,8363,,,,1,2026-01-24T12:07:00.000Z,0829482,8363,54503.0,54503.0,54503,tmdb,Superbad (2007),Superbad,2007.0,Comedy,3.767339637107079,19565.0
Twilight,2008,4433,twilight-2008,tt1099212,8966,,,,1,2026-01-24T13:08:00.000Z,1099212,8966,63992.0,63992.0,63992,tmdb,Twilight (2008),Twilight,2008.0,Drama|Fantasy|Romance|Thriller,2.3748592659310965,8882.0
Toy Story 3,2010,5407,toy-story-3-2010,tt0435761,10193,,,,1,2026-01-24T14:52:00.000Z,0435761,10193,78499.0,78499.0,78499,tmdb,Toy Story 3 (2010),Toy Story 3,2010.0,Adventure|Animation|Children|Comedy|Fantasy|IMAX,3.827643036355586,20327.0
WALL·E,2008,5853,wall-e-2008,tt0910970,10681,,,,1,2026-01-24T14:47:00.000Z,0910970,10681,60069.0,60069.0,60069,tmdb,WALL·E (2008),WALL·E,2008.0,Adventure|Animation|Children|Romance|Sci-Fi,4.007613832420674,39993.0
The Notebook,2004,6173,the-notebook-2004,tt0332280,11036,,,,1,2026-01-24T12:07:00.000Z,0332280,11036,8533.0,8533.0,8533,tmdb,"Notebook, The (2004)","Notebook, The",2004.0,Drama|Romance,3.64232501023332,12215.0
Cinema Paradiso,1988,6342,cinema-paradiso-1988,tt0095765,11216,,,,1,2026-04-30T19:33:00.000Z,0095765,11216,1172.0,1172.0,1172,tmdb,Cinema Paradiso (Nuovo cinema Paradiso) (1989),Cinema Paradiso (Nuovo cinema Paradiso),1989.0,Drama,4.12998543070479,10982.0
Shutter Island,2010,6422,shutter-island-2010,tt1130884,11324,,,,1,2026-01-24T12:29:00.000Z,1130884,11324,74458.0,74458.0,74458,tmdb,Shutter Island (2010),Shutter Island,2010.0,Drama|Mystery|Thriller,3.99312620291449,29096.0
Love and Death,1975,6759,love-and-death-1975,tt0073312,11686,,,,1,2025-05-03T02:52:00.000Z,0073312,11686,3814.0,3814.0,3814,tmdb,Love and Death (1975),Love and Death,1975.0,Comedy,3.947565543071161,2136.0
Slumdog Millionaire,2008,7198,slumdog-millionaire-2008,tt1010048,12405,,,,1,2025-08-29T22:30:00.000Z,1010048,12405,63082.0,63082.0,63082,tmdb,Slumdog Millionaire (2008),Slumdog Millionaire,2008.0,Crime|Drama|Romance,3.822140221402214,25745.0
Harry Potter and the Deathly Hallows: Part 2,2011,7229,harry-potter-and-the-deathly-hallows-part-2-2011,tt1201607,12445,,,,1,2026-01-24T14:50:00.000Z,1201607,12445,88125.0,88125.0,88125,tmdb,Harry Potter and the Deathly Hallows: Part 2 (2011),Harry Potter and the Deathly Hallows: Part 2,2011.0,Action|Adventure|Drama|Fantasy|Mystery|IMAX,3.891531121767934,20227.0
Gran Torino,2008,7759,gran-torino-2008,tt1205489,13223,,,,1,2026-01-24T13:07:00.000Z,1205489,13223,64614.0,64614.0,64614,tmdb,Gran Torino (2008),Gran Torino,2008.0,Crime|Drama,3.893195108984583,18810.0
Up,2009,8476,up-2009,tt1049413,14160,,,,1,2026-01-24T14:51:00.000Z,1049413,14160,68954.0,68954.0,68954,tmdb,Up (2009),Up,2009.0,Adventure|Animation|Children|Drama,3.9504425265241054,36382.0
Inglourious Basterds,2009,10322,inglourious-basterds-2009,tt0361748,16869,,,,1,2026-01-24T12:06:00.000Z,0361748,16869,68157.0,68157.0,68157,tmdb,Inglourious Basterds (2009),Inglourious Basterds,2009.0,Action|Drama|War,4.03795001146526,34888.0
Moon,2009,10655,moon-2009,tt1182345,17431,,,,1,2026-01-24T12:36:00.000Z,1182345,17431,68237.0,68237.0,68237,tmdb,Moon (2009),Moon,2009.0,Drama|Mystery|Sci-Fi|Thriller,4.006510416666667,15744.0
The Hangover,2009,11534,the-hangover-2009,tt1119646,18785,,,,1,2026-01-24T14:50:00.000Z,1119646,18785,69122.0,69122.0,69122,tmdb,"Hangover, The (2009)","Hangover, The",2009.0,Comedy|Crime,3.5949640595584462,23372.0
Zombieland,2009,12222,zombieland-2009,tt1156398,19908,,,,1,2026-01-24T13:07:00.000Z,1156398,19908,71535.0,71535.0,71535,tmdb,Zombieland (2009),Zombieland,2009.0,Action|Comedy|Horror,3.736487844082781,19908.0
(500) Days of Summer,2009,12224,500-days-of-summer-2009,tt1022603,19913,,,,1,2026-01-24T14:51:00.000Z,1022603,19913,69757.0,69757.0,69757,tmdb,(500) Days of Summer (2009),(500) Days of Summer,2009.0,Comedy|Drama|Romance,3.718751955936659,15977.0
Kick-Ass,2010,14160,kick-ass-2010,tt1250777,23483,,,,1,2026-01-24T13:07:00.000Z,1250777,23483,76251.0,76251.0,76251,tmdb,Kick-Ass (2010),Kick-Ass,2010.0,Action|Comedy,3.593993537350314,15783.0
Inception,2010,16662,inception-2010,tt1375666,27205,,,,1,2026-01-24T12:06:00.000Z,1375666,27205,79132.0,79132.0,79132,tmdb,Inception (2010),Inception,2010.0,Action|Crime|Drama|Mystery|Sci-Fi|Thriller|IMAX,4.157169736410557,57931.0
Mr. Nobody,2009,19769,mr-nobody-2009,tt0485947,31011,,,,1,2026-01-24T13:13:00.000Z,0485947,31011,79357.0,79357.0,79357,tmdb,Mr. Nobody (2009),Mr. Nobody,2009.0,Drama|Fantasy|Romance|Sci-Fi,3.8800477637863655,4606.0
The Truman Show,1998,23734,the-truman-show-1998,tt0120382,37165,,,,1,2026-01-24T12:14:00.000Z,0120382,37165,1682.0,1682.0,1682,tmdb,"Truman Show, The (1998)","Truman Show, The",1998.0,Comedy|Drama|Sci-Fi,3.891832804712279,44140.0
Tangled,2010,25084,tangled-2010,tt0398286,38757,,,,1,2026-02-15T14:02:00.000Z,0398286,38757,81847.0,81847.0,81847,tmdb,Tangled (2010),Tangled,2010.0,Animation|Children|Comedy|Fantasy|Musical|Romance|IMAX,3.72341628959276,11492.0
Super,2010,30741,super-2010,tt1512235,45132,,,,1,2025-09-12T11:40:00.000Z,1512235,45132,85401.0,85401.0,85401,tmdb,Super (2010),Super,2010.0,Action|Comedy|Drama,3.310299295774648,1136.0
The Dark Knight Rises,2012,34073,the-dark-knight-rises-2012,tt1345836,49026,,,,1,2026-01-24T12:37:00.000Z,1345836,49026,91529.0,91529.0,91529,tmdb,"Dark Knight Rises, The (2012)","Dark Knight Rises, The",2012.0,Action|Adventure|Crime|IMAX,3.963564819388192,30369.0
Gravity,2013,34093,gravity-2013,tt1454468,49047,,,,1,2026-01-24T13:07:00.000Z,1454468,49047,104841.0,104841.0,104841,tmdb,Gravity (2013),Gravity,2013.0,Action|Sci-Fi|IMAX,3.59748427672956,18126.0
The Hobbit: An Unexpected Journey,2012,34097,the-hobbit-an-unexpected-journey-2012,tt0903624,49051,,,,1,2026-01-24T13:06:00.000Z,0903624,49051,98809.0,98809.0,98809,tmdb,"Hobbit: An Unexpected Journey, The (2012)","Hobbit: An Unexpected Journey, The",2012.0,Adventure|Fantasy|IMAX,3.621122050900985,16149.0
"Crazy, Stupid, Love.",2011,35436,crazy-stupid-love-2011,tt1570728,50646,,,,1,2026-01-24T14:52:00.000Z,1570728,50646,88163.0,88163.0,88163,tmdb,"Crazy, Stupid, Love. (2011)","Crazy, Stupid, Love.",2011.0,Comedy|Drama|Romance,3.7497657531037714,8538.0
The Hobbit: The Desolation of Smaug,2013,40808,the-hobbit-the-desolation-of-smaug-2013,tt1170358,57158,,,,1,2026-01-24T14:54:00.000Z,1170358,57158,106489.0,106489.0,106489,tmdb,"Hobbit: The Desolation of Smaug, The (2013)","Hobbit: The Desolation of Smaug, The",2013.0,Adventure|Fantasy|IMAX,3.5856673511293637,12175.0
Midnight in Paris,2011,42597,midnight-in-paris-2011,tt1605783,59436,,,,1,2026-02-04T19:06:00.000Z,1605783,59436,86882.0,86882.0,86882,tmdb,Midnight in Paris (2011),Midnight in Paris,2011.0,Comedy|Fantasy|Romance,3.769069279216235,10003.0
Looper,2012,42897,looper-2012,tt1276104,59967,,,,1,2026-01-24T13:07:00.000Z,1276104,59967,96610.0,96610.0,96610,tmdb,Looper (2012),Looper,2012.0,Action|Crime|Sci-Fi,3.652590393955748,14824.0
21 Jump Street,2012,46734,21-jump-street-2012,tt1232829,64688,,,,1,2026-01-24T13:08:00.000Z,1232829,64688,93510.0,93510.0,93510,tmdb,21 Jump Street (2012),21 Jump Street,2012.0,Action|Comedy|Crime,3.620726200350198,10851.0
Drive,2011,46736,drive-2011,tt0780504,64690,,,,1,2026-01-28T14:54:00.000Z,0780504,64690,88129.0,88129.0,88129,tmdb,Drive (2011),Drive,2011.0,Crime|Drama|Film-Noir|Thriller,3.8492357088015634,14327.0
Django Unchained,2012,50131,django-unchained-2012,tt1853728,68718,,,,1,2026-01-24T12:06:00.000Z,1853728,68718,99114.0,99114.0,99114,tmdb,Django Unchained (2012),Django Unchained,2012.0,Action|Drama|Western,4.026370814218394,32043.0
Now You See Me,2013,55786,now-you-see-me-2013,tt1670345,75656,,,,1,2026-01-24T13:06:00.000Z,1670345,75656,102903.0,102903.0,102903,tmdb,Now You See Me (2013),Now You See Me,2013.0,Crime|Mystery|Thriller,3.614037519637741,10821.0
Mad Max: Fury Road,2015,56360,mad-max-fury-road-2015,tt1392190,76341,,,,1,2026-01-24T12:07:00.000Z,1392190,76341,122882.0,122882.0,122882,tmdb,Mad Max: Fury Road (2015),Mad Max: Fury Road,2015.0,Action|Adventure|Sci-Fi|Thriller,3.868707482993197,21315.0
The Dictator,2012,56495,the-dictator-2012,tt1645170,76493,,,,1,2026-01-24T14:54:00.000Z,1645170,76493,94677.0,94677.0,94677,tmdb,"Dictator, The (2012)","Dictator, The",2012.0,Comedy,3.175903614457831,4565.0
The Intouchables,2011,57181,the-intouchables-2011,tt1675434,77338,,,,1,2026-01-24T13:08:00.000Z,1675434,77338,92259.0,92259.0,92259,tmdb,Intouchables (2011),Intouchables,2011.0,Comedy|Drama,4.118809730668984,18416.0
Magic Mike,2012,57642,magic-mike-2012,tt1915581,77930,,,,1,2025-06-30T20:56:00.000Z,1915581,77930,95449.0,95449.0,95449,tmdb,Magic Mike (2012),Magic Mike,2012.0,Drama|Romance,3.0090987868284227,1154.0
Silver Linings Playbook,2012,61867,silver-linings-playbook-2012,tt1045658,82693,,,,1,2026-02-04T19:07:00.000Z,1045658,82693,97921.0,97921.0,97921,tmdb,Silver Linings Playbook (2012),Silver Linings Playbook,2012.0,Comedy|Drama,3.6964864466705953,13576.0
Rush,2013,70421,rush-2013,tt1979320,96721,,,,1,2026-02-04T19:08:00.000Z,1979320,96721,104913.0,104913.0,104913,tmdb,Rush (2013),Rush,2013.0,Action|Drama,3.876957082335605,5429.0
The Hunger Games: Catching Fire,2013,72719,the-hunger-games-catching-fire-2013,tt1951264,101299,,,,1,2026-01-24T14:54:00.000Z,1951264,101299,106487.0,106487.0,106487,tmdb,The Hunger Games: Catching Fire (2013),The Hunger Games: Catching Fire,2013.0,Action|Adventure|Sci-Fi|IMAX,3.4972417797778905,13777.0
The Wolf of Wall Street,2013,75735,the-wolf-of-wall-street-2013,tt0993846,106646,,,,1,2026-01-24T12:07:00.000Z,0993846,106646,106782.0,106782.0,106782,tmdb,"Wolf of Wall Street, The (2013)","Wolf of Wall Street, The",2013.0,Comedy|Crime|Drama,3.934272737426008,26861.0
Guardians of the Galaxy,2014,82405,guardians-of-the-galaxy-2014,tt2015381,118340,,,,1,2026-01-24T13:06:00.000Z,2015381,118340,112852.0,112852.0,112852,tmdb,Guardians of the Galaxy (2014),Guardians of the Galaxy,2014.0,Action|Adventure|Sci-Fi,3.910184276112076,26482.0
The Grand Budapest Hotel,2014,83614,the-grand-budapest-hotel-2014,tt2278388,120467,,,,1,2026-01-24T12:14:00.000Z,2278388,120467,109374.0,109374.0,109374,tmdb,"Grand Budapest Hotel, The (2014)","Grand Budapest Hotel, The",2014.0,Comedy|Drama,4.028973740373017,21554.0
About Time,2013,84894,about-time-2013,tt2194499,122906,,,,1,2026-01-24T12:07:00.000Z,2194499,122906,104374.0,104374.0,104374,tmdb,About Time (2013),About Time,2013.0,Drama|Fantasy|Romance,3.9705734722047934,7969.0
The Hobbit: The Battle of the Five Armies,2014,84900,the-hobbit-the-battle-of-the-five-armies-2014,tt2310332,122917,,,,1,2026-01-24T14:52:00.000Z,2310332,122917,118696.0,118696.0,118696,tmdb,The Hobbit: The Battle of the Five Armies (2014),The Hobbit: The Battle of the Five Armies,2014.0,Adventure|Fantasy,3.473885793871866,8616.0
X-Men: Days of Future Past,2014,87348,x-men-days-of-future-past-2014,tt1877832,127585,,,,1,2026-01-24T13:06:00.000Z,1877832,127585,111362.0,111362.0,111362,tmdb,X-Men: Days of Future Past (2014),X-Men: Days of Future Past,2014.0,Action|Adventure|Sci-Fi,3.692837046612425,13151.0
The Hunger Games: Mockingjay - Part 1,2014,89542,the-hunger-games-mockingjay-part-1-2014,tt1951265,131631,,,,1,2026-01-24T14:54:00.000Z,1951265,131631,116823.0,116823.0,116823,tmdb,The Hunger Games: Mockingjay - Part 1 (2014),The Hunger Games: Mockingjay - Part 1,2014.0,Adventure|Sci-Fi|Thriller,3.406414899120538,9665.0
The Hunger Games: Mockingjay - Part 2,2015,89543,the-hunger-games-mockingjay-part-2-2015,tt1951266,131634,,,,1,2026-01-24T14:52:00.000Z,1951266,131634,135133.0,135133.0,135133,tmdb,The Hunger Games: Mockingjay - Part 2 (2015),The Hunger Games: Mockingjay - Part 2,2015.0,Adventure|Sci-Fi,3.40681143571317,6401.0
Before Midnight,2013,89883,before-midnight-2013,tt2209418,132344,,,,1,2026-01-24T12:28:00.000Z,2209418,132344,100714.0,100714.0,100714,tmdb,Before Midnight (2013),Before Midnight,2013.0,Drama|Romance,3.9636101314523886,3119.0
Dallas Buyers Club,2013,99886,dallas-buyers-club-2013,tt0790636,152532,,,,1,2026-02-11T18:27:00.000Z,0790636,152532,106100.0,106100.0,106100,tmdb,Dallas Buyers Club (2013),Dallas Buyers Club,2013.0,Drama,3.903862620112264,10511.0
Her,2013,99919,her-2013,tt1798709,152601,,,,1,2026-01-24T12:08:00.000Z,1798709,152601,106920.0,106920.0,106920,tmdb,Her (2013),Her,2013.0,Drama|Romance|Sci-Fi,3.901490356516657,17110.0
Interstellar,2014,102156,interstellar-2014,tt0816692,157336,,,,1,2026-01-24T12:28:00.000Z,0816692,157336,109487.0,109487.0,109487,tmdb,Interstellar (2014),Interstellar,2014.0,Sci-Fi|IMAX,4.133447264310897,37157.0
The Great Beauty,2013,113108,the-great-beauty-2013,tt2358891,179144,,,,1,2026-01-24T13:49:00.000Z,2358891,179144,103984.0,103984.0,103984,tmdb,"Great Beauty, The (Grande Bellezza, La) (2013)","Great Beauty, The (Grande Bellezza, La)",2013.0,Comedy|Drama,3.933641975308642,1296.0
Birdman or (The Unexpected Virtue of Ignorance),2014,121489,birdman-or-the-unexpected-virtue-of-ignorance-2014,tt2562232,194662,,,,1,2026-01-24T12:29:00.000Z,2562232,194662,112183.0,112183.0,112183,tmdb,Birdman: Or (The Unexpected Virtue of Ignorance) (2014),Birdman: Or (The Unexpected Virtue of Ignorance),2014.0,Comedy|Drama,3.728523251686191,11268.0
The Maze Runner,2014,124008,the-maze-runner-2014,tt1790864,198663,,,,1,2026-01-24T13:07:00.000Z,1790864,198663,114180.0,114180.0,114180,tmdb,"Maze Runner, The (2014)","Maze Runner, The",2014.0,Action|Mystery|Sci-Fi,3.323484533222361,7209.0
Coherence,2014,135581,coherence-2014,tt2866360,220289,,,,1,2025-09-08T21:52:00.000Z,2866360,220289,113741.0,113741.0,113741,tmdb,Coherence (2013),Coherence,2013.0,Drama|Mystery|Sci-Fi|Thriller,3.8875406925125775,3379.0
Nightcrawler,2014,147742,nightcrawler-2014,tt2872718,242582,,,,1,2026-02-04T19:09:00.000Z,2872718,242582,115569.0,115569.0,115569,tmdb,Nightcrawler (2014),Nightcrawler,2014.0,Crime|Drama|Thriller,3.9763904653802498,13215.0
The Lobster,2015,154718,the-lobster-2015,tt3464902,254320,,,,1,2026-01-24T13:08:00.000Z,3464902,254320,133771.0,133771.0,133771,tmdb,The Lobster (2015),The Lobster,2015.0,Comedy|Romance|Sci-Fi,3.661697036628014,5433.0
Ex Machina,2015,163375,ex-machina-2015,tt0470752,264660,,,,1,2026-01-24T12:30:00.000Z,0470752,264660,115713.0,115713.0,115713,tmdb,Ex Machina (2015),Ex Machina,2015.0,Drama|Sci-Fi|Thriller,3.988002720031086,20588.0
The Revenant,2015,179334,the-revenant-2015,tt1663202,281957,,,,1,2026-01-24T13:06:00.000Z,1663202,281957,139385.0,139385.0,139385,tmdb,The Revenant (2015),The Revenant,2015.0,Adventure|Drama,3.782152783626716,11873.0
The Martian,2015,183371,the-martian-2015,tt3659388,286217,,,,1,2026-01-24T14:48:00.000Z,3659388,286217,134130.0,134130.0,134130,tmdb,The Martian (2015),The Martian,2015.0,Adventure|Drama|Sci-Fi,4.024782949046399,28104.0
Deadpool,2016,190430,deadpool-2016,tt1431045,293660,,,,1,2026-02-04T19:06:00.000Z,1431045,293660,122904.0,122904.0,122904,tmdb,Deadpool (2016),Deadpool,2016.0,Action|Adventure|Comedy|Sci-Fi,3.850282974035512,23147.0
Avengers: Infinity War,2018,191797,avengers-infinity-war-2018,tt4154756,299536,,,,1,2026-01-24T12:29:00.000Z,4154756,299536,122912.0,122912.0,122912,tmdb,Avengers: Infinity War - Part I (2018),Avengers: Infinity War - Part I,2018.0,Action|Adventure|Sci-Fi,3.896722430863776,14645.0
Avengers: Endgame,2019,191798,avengers-endgame-2019,tt4154796,299534,,,,1,2026-01-24T12:07:00.000Z,4154796,299534,122914.0,122914.0,122914,tmdb,Avengers: Infinity War - Part II (2019),Avengers: Infinity War - Part II,2019.0,Action|Adventure|Sci-Fi,3.870544407755482,11811.0
La La Land,2016,192932,la-la-land-2016,tt3783958,313369,,,,1,2026-01-24T12:08:00.000Z,3783958,313369,164909.0,164909.0,164909,tmdb,La La Land (2016),La La Land,2016.0,Comedy|Drama|Romance,3.729497994744849,7231.0
The Big Short,2015,199563,the-big-short-2015,tt1596363,318846,,,,1,2026-01-24T13:07:00.000Z,1596363,318846,148626.0,148626.0,148626,tmdb,"Big Short, The (2015)","Big Short, The",2015.0,Drama,4.056744682269788,14997.0
The Lord of the Rings: The Return of the King (Extended),2003,209344,the-lord-of-the-rings-the-return-of-the-king-extended-2003,,328443,,,,1,2026-01-24T12:06:00.000Z,,328443,,,,unmapped,,,,,,
The Lord of the Rings: The Fellowship of the Ring (Extended),2001,210288,the-lord-of-the-rings-the-fellowship-of-the-ring-extended-2001,,329367,,,,1,2026-01-24T13:12:00.000Z,,329367,,,,unmapped,,,,,,
Arrival,2016,210803,arrival-2016,tt2543164,329865,,,,1,2026-01-24T12:14:00.000Z,2543164,329865,164179.0,164179.0,164179,tmdb,Arrival (2016),Arrival,2016.0,Sci-Fi,4.045182858879546,19742.0
Ready Player One,2018,214279,ready-player-one-2018,tt1677720,333339,,,,1,2026-01-24T14:50:00.000Z,1677720,333339,140956.0,140956.0,140956,tmdb,Ready Player One,Ready Player One,,Action|Sci-Fi|Thriller,3.5334952269301625,5971.0
Blade Runner 2049,2017,216716,blade-runner-2049-2017,tt1856101,335984,,,,1,2026-01-24T13:40:00.000Z,1856101,335984,176371.0,176371.0,176371,tmdb,Blade Runner 2049 (2017),Blade Runner 2049,2017.0,Sci-Fi,3.957274202271498,11094.0
Maze Runner: The Death Cure,2018,217461,maze-runner-the-death-cure-2018,tt4500922,336843,,,,1,2026-01-24T14:54:00.000Z,4500922,336843,183635.0,183635.0,183635,tmdb,Maze Runner: The Death Cure (2018),Maze Runner: The Death Cure,2018.0,Action|Mystery|Sci-Fi|Thriller,3.2156040268456376,1192.0
Baby Driver,2017,219867,baby-driver-2017,tt3890160,339403,,,,1,2026-01-24T13:06:00.000Z,3890160,339403,171763.0,171763.0,171763,tmdb,Baby Driver (2017),Baby Driver,2017.0,Action|Crime|Thriller,3.809212657954423,9259.0
Annihilation,2018,220563,annihilation-2018,tt2798920,300668,,,,1,2026-01-24T13:08:00.000Z,2798920,300668,182715.0,182715.0,182715,tmdb,Annihilation (2018),Annihilation,2018.0,Adventure|Mystery|Sci-Fi|Thriller,3.591396800624268,5126.0
Dunkirk,2017,224641,dunkirk-2017,tt5013056,374720,,,,1,2026-01-24T13:06:00.000Z,5013056,374720,174055.0,174055.0,174055,tmdb,Dunkirk (2017),Dunkirk,2017.0,Action|Drama|Thriller|War,3.789194793226587,8681.0
Deadpool 2,2018,226108,deadpool-2-2018,tt5463162,383498,,,,1,2026-01-24T13:06:00.000Z,5463162,383498,187593.0,187593.0,187593,tmdb,Deadpool 2 (2018),Deadpool 2,2018.0,Action|Comedy|Sci-Fi,3.782883341823739,9815.0
Barbie,2023,242104,barbie-2023,tt1517268,346698,,,,1,2026-01-24T14:50:00.000Z,1517268,346698,288513.0,288513.0,288513,tmdb,Barbie (2023),Barbie,2023.0,Comedy,3.6677316293929714,939.0
The Irishman,2019,242125,the-irishman-2019,tt1302006,398978,,,,1,2026-01-24T12:29:00.000Z,1302006,398978,206857.0,206857.0,206857,tmdb,The Irishman (2019),The Irishman,2019.0,Crime|Drama,3.664121037463977,3470.0
Kill Bill: The Whole Bloody Affair,2011,259317,kill-bill-the-whole-bloody-affair-2011,tt6019206,414419,,,,1,2026-01-24T12:37:00.000Z,6019206,414419,231701.0,231701.0,231701,tmdb,Kill Bill: The Whole Bloody Affair (2011),Kill Bill: The Whole Bloody Affair,2011.0,Action|Crime,4.127952755905512,254.0
Get Out,2017,264623,get-out-2017,tt5052448,419430,,,,1,2026-01-24T12:29:00.000Z,5052448,419430,168250.0,168250.0,168250,tmdb,Get Out (2017),Get Out,2017.0,Horror,3.991137939892114,11679.0
The Suicide Squad,2021,283364,the-suicide-squad-2021,tt6334354,436969,,,,1,2025-09-19T16:17:00.000Z,6334354,436969,251086.0,251086.0,251086,tmdb,The Suicide Squad (2021),The Suicide Squad,2021.0,Action|Adventure|Crime|Fantasy,3.458138173302108,1708.0
Dune,2021,287071,dune-2021,tt1160419,438631,,,,1,2026-01-24T12:29:00.000Z,1160419,438631,254726.0,254726.0,254726,tmdb,Dune (2021),Dune,2021.0,Action|Adventure|Drama|Sci-Fi,3.9596774193548394,5332.0
Now You See Me: Now You Don't,2025,292275,now-you-see-me-now-you-don-t-2025,tt4712810,425274,,,,1,2026-01-24T14:47:00.000Z,4712810,425274,,,,unmapped,,,,,,
A Quiet Place,2018,293955,a-quiet-place-2018,tt6644200,447332,,,,1,2025-06-22T11:47:00.000Z,6644200,447332,185029.0,185029.0,185029,tmdb,A Quiet Place (2018),A Quiet Place,2018.0,Drama|Horror|Thriller,3.697097081218274,6304.0
Guardians of the Galaxy Volume 3,2023,293990,guardians-of-the-galaxy-volume-3-2023,tt6791350,447365,,,,1,2026-01-24T14:51:00.000Z,6791350,447365,285593.0,285593.0,285593,tmdb,Guardians of the Galaxy Volume 3 (2023),Guardians of the Galaxy Volume 3,2023.0,Action|Adventure|Sci-Fi,3.7285714285714286,980.0
Once Upon a Time... in Hollywood,2019,313464,once-upon-a-time-in-hollywood-2019,tt7131622,466272,,,,1,2026-01-24T17:27:00.000Z,7131622,466272,202429.0,202429.0,202429,tmdb,Once Upon a Time in Hollywood (2019),Once Upon a Time in Hollywood,2019.0,Comedy|Drama,3.771286425017769,7035.0
Killers of the Flower Moon,2023,313884,killers-of-the-flower-moon-2023,tt5537002,466420,,,,1,2026-01-24T12:28:00.000Z,5537002,466420,266002.0,266002.0,266002,tmdb,Killers of the Flower Moon,Killers of the Flower Moon,,Crime|Drama|Thriller,3.5,1.0
Joker,2019,322988,joker-2019,tt7286456,475557,,,,1,2026-01-24T12:14:00.000Z,7286456,475557,204698.0,204698.0,204698,tmdb,Joker (2019),Joker,2019.0,Crime|Drama|Thriller,3.902019767941556,11635.0
Ford v Ferrari,2019,324762,ford-v-ferrari-2019,tt1950186,359724,,,,1,2026-01-24T13:41:00.000Z,1950186,359724,203375.0,203375.0,203375,tmdb,Ford v. Ferrari (2019),Ford v. Ferrari,2019.0,Action|Drama,3.9537489812550937,4908.0
Uncut Gems,2019,328678,uncut-gems-2019,tt5727208,473033,,,,1,2026-01-24T12:07:00.000Z,5727208,473033,209965.0,209965.0,209965,tmdb,Uncut Gems (2019),Uncut Gems,2019.0,Comedy|Crime|Drama|Thriller,3.7517935982339954,3624.0
Hereditary,2018,340974,hereditary-2018,tt7784604,493922,,,,1,2026-01-24T12:14:00.000Z,7784604,493922,183869.0,183869.0,183869,tmdb,Hereditary (2018),Hereditary,2018.0,,3.8637946040034814,4596.0
Parasite,2019,343180,parasite-2019,tt6751668,496243,,,,1,2026-01-24T12:27:00.000Z,6751668,496243,202439.0,202439.0,202439,tmdb,Parasite (2019),Parasite,2019.0,Comedy|Drama,4.312253641816624,11670.0
Triangle of Sadness,2022,344829,triangle-of-sadness-2022,tt7322224,497828,,,,1,2026-01-24T12:14:00.000Z,7322224,497828,277066.0,277066.0,277066,tmdb,Triangle of Sadness (2022),Triangle of Sadness,2022.0,Comedy|Drama,3.70926143024619,853.0
Dora and the Lost City of Gold,2019,346883,dora-and-the-lost-city-of-gold-2019,tt7547410,499701,,,,1,2026-03-22T01:16:00.000Z,7547410,499701,203224.0,203224.0,203224,tmdb,Dora and the Lost City of Gold (2019),Dora and the Lost City of Gold,2019.0,Adventure|Children|Comedy,2.919431279620853,211.0
Midsommar,2019,382491,midsommar-2019,tt8772262,530385,,,,1,2026-01-24T14:48:00.000Z,8772262,530385,201646.0,201646.0,201646,tmdb,Midsommar (2019),Midsommar,2019.0,Drama|Horror|Mystery,3.799522944116311,4402.0
1917,2019,382862,1917-2019,tt8579674,530915,,,,1,2026-01-24T12:07:00.000Z,8579674,530915,208703.0,208703.0,208703,tmdb,1917 (2019),1917,2019.0,Drama|War,4.038131900058106,6884.0
Everything Everywhere All at Once,2022,396092,everything-everywhere-all-at-once-2022,tt6710474,545611,,,,1,2025-03-09T14:19:00.000Z,6710474,545611,270698.0,270698.0,270698,tmdb,Everything Everywhere All at Once (2022),Everything Everywhere All at Once,2022.0,Action|Comedy|Sci-Fi,4.052268739032339,3989.0
Free Guy,2021,400704,free-guy-2021,tt6264654,550988,,,,1,2026-01-24T14:52:00.000Z,6264654,550988,226202.0,226202.0,226202,tmdb,Free Guy (2020),Free Guy,2020.0,Action|Adventure|Comedy|Sci-Fi,3.4720657276995306,2130.0
Gladiator II,2024,409281,gladiator-ii-2024,tt9218128,558449,,,,1,2026-01-24T14:51:00.000Z,9218128,558449,,,,unmapped,,,,,,
The Green Knight,2021,410283,the-green-knight-2021,tt9243804,559907,,,,1,2026-01-24T12:29:00.000Z,9243804,559907,220380.0,220380.0,220380,tmdb,The Green Knight,The Green Knight,,Drama|Fantasy|Romance,3.503791982665222,923.0
Spider-Man: Across the Spider-Verse,2023,420606,spider-man-across-the-spider-verse-2023,tt9362722,569094,,,,1,2026-01-24T14:47:00.000Z,9362722,569094,286897.0,286897.0,286897,tmdb,Spider-Man: Across the Spider-Verse (2023),Spider-Man: Across the Spider-Verse,2023.0,Action|Adventure|Animation|Sci-Fi,4.207413945278023,1133.0
Tenet,2020,427989,tenet-2020,tt6723592,577922,,,,1,2026-01-24T14:49:00.000Z,6723592,577922,217465.0,217465.0,217465,tmdb,Tenet (2020),Tenet,2020.0,Action|Thriller,3.585641735918744,4332.0
Another Round,2020,429695,another-round-2020,tt10288566,580175,,,,1,2026-01-28T14:53:00.000Z,10288566,580175,225984.0,225984.0,225984,tmdb,Another Round (2020),Another Round,2020.0,Drama,3.8058181818181818,1375.0
The Menu,2022,439843,the-menu-2022,tt9764362,593643,,,,1,2026-01-24T12:14:00.000Z,9764362,593643,279812.0,279812.0,279812,tmdb,The Menu (2022),The Menu,2022.0,Comedy|Horror,3.660944206008584,1631.0
Palm Springs,2020,439986,palm-springs-2020,tt9484998,587792,,,,1,2026-02-04T19:07:00.000Z,9484998,587792,218537.0,218537.0,218537,tmdb,Palm Springs (2020),Palm Springs,2020.0,Comedy,3.8816137566137567,3024.0
Nobody,2021,458837,nobody-2021,tt7888964,615457,,,,1,2026-01-24T13:07:00.000Z,7888964,615457,241272.0,241272.0,241272,tmdb,Nobody (2021),Nobody,2021.0,Action|Crime|Thriller,3.687315634218289,1695.0
Babylon,2022,459051,babylon-2022,tt10640346,615777,,,,1,2026-01-24T12:13:00.000Z,10640346,615777,281190.0,281190.0,281190,tmdb,Babylon (2022),Babylon,2022.0,Comedy|Drama,3.370843989769821,391.0
The Northman,2022,478776,the-northman-2022,tt11138512,639933,,,,1,2026-01-24T12:13:00.000Z,11138512,639933,244178.0,244178.0,244178,tmdb,The Northman,The Northman,,Adventure|Drama|Thriller,3.5435323383084576,1206.0
Eddington,2025,485271,eddington-2025,tt31176520,648878,,,,1,2026-01-24T13:08:00.000Z,31176520,648878,,,,unmapped,,,,,,
Glass Onion: A Knives Out Mystery,2022,495668,glass-onion-a-knives-out-mystery-2022,tt11564570,661374,,,,1,2026-01-24T12:14:00.000Z,11564570,661374,278702.0,278702.0,278702,tmdb,Glass Onion: A Knives Out Mystery (2022),Glass Onion: A Knives Out Mystery,2022.0,Comedy|Crime|Mystery,3.63070051716032,2127.0
The Banshees of Inisherin,2022,507545,the-banshees-of-inisherin-2022,tt11813216,674324,,,,1,2026-01-24T13:12:00.000Z,11813216,674324,278446.0,278446.0,278446,tmdb,The Banshees of Inisherin (2022),The Banshees of Inisherin,2022.0,Comedy|Drama,3.8286516853932575,1602.0
Dune: Part Two,2024,537449,dune-part-two-2024,tt15239678,693134,,,,1,2026-01-24T12:07:00.000Z,15239678,693134,,,,unmapped,,,,,,
Mickey 17,2025,540151,mickey-17-2025,tt12299608,696506,,,,1,2026-01-24T14:53:00.000Z,12299608,696506,,,,unmapped,,,,,,
Bugonia,2025,545111,bugonia-2025,tt12300742,701387,,,,1,2026-01-24T12:14:00.000Z,12300742,701387,,,,unmapped,,,,,,
Evil Dead Rise,2023,556530,evil-dead-rise-2023,tt13345606,713704,,,,1,2026-01-24T12:14:00.000Z,13345606,713704,286357.0,286357.0,286357,tmdb,Evil Dead Rise (2023),Evil Dead Rise,2023.0,Horror|Thriller,3.167381974248927,233.0
Licorice Pizza,2021,560812,licorice-pizza-2021,tt11271038,718032,,,,1,2026-01-24T13:41:00.000Z,11271038,718032,260617.0,260617.0,260617,tmdb,Licorice Pizza (2021),Licorice Pizza,2021.0,Drama,3.4636479591836733,784.0
Bullet Train,2022,561702,bullet-train-2022,tt12593682,718930,,,,1,2026-01-24T13:07:00.000Z,12593682,718930,273891.0,273891.0,273891,tmdb,Bullet Train (2022),Bullet Train,2022.0,Action|Mystery|Thriller,3.6138451443569553,1524.0
Furiosa: A Mad Max Saga,2024,623532,furiosa-a-mad-max-saga-2024,tt12037194,786892,,,,1,2026-01-24T12:14:00.000Z,12037194,786892,,,,unmapped,,,,,,
Poor Things,2023,628026,poor-things-2023,tt14230458,792307,,,,1,2026-01-24T12:28:00.000Z,14230458,792307,286783.0,286783.0,286783,tmdb,Poor Things,Poor Things,,Comedy|Romance|Sci-Fi,4.5,1.0
The Killer,2023,635402,the-killer-2023,tt1136617,800158,,,,1,2026-01-24T12:14:00.000Z,1136617,800158,,,,unmapped,,,,,,
The Holdovers,2023,671129,the-holdovers-2023,tt14849194,840430,,,,1,2026-01-24T12:08:00.000Z,14849194,840430,,,,unmapped,,,,,,
Oppenheimer,2023,698292,oppenheimer-2023,tt15398776,872585,,,,1,2026-01-24T12:07:00.000Z,15398776,872585,287699.0,287699.0,287699,tmdb,Oppenheimer (2023),Oppenheimer,2023.0,Drama,4.082899305555555,1152.0
Society of the Snow,2023,725415,society-of-the-snow-2023,tt16277242,906126,,,,1,2026-01-24T12:14:00.000Z,16277242,906126,,,,unmapped,,,,,,
Civil War,2024,745438,civil-war-2024,tt17279496,929590,,,,1,2026-01-24T12:13:00.000Z,17279496,929590,,,,unmapped,,,,,,
The Substance,2024,748546,the-substance-2024,tt17526714,933260,,,,1,2026-01-24T12:13:00.000Z,17526714,933260,,,,unmapped,,,,,,
Late Night with the Devil,2024,753560,late-night-with-the-devil-2024,tt14966898,938614,,,,1,2026-01-24T12:14:00.000Z,14966898,938614,,,,unmapped,,,,,,
Alien: Romulus,2024,759944,alien-romulus-2024,tt18412256,945961,,,,1,2026-01-24T12:08:00.000Z,18412256,945961,,,,unmapped,,,,,,
Aftersun,2022,775972,aftersun-2022,tt19770238,965150,,,,1,2026-01-24T12:28:00.000Z,19770238,965150,275503.0,275503.0,275503,tmdb,Aftersun (2022),Aftersun,2022.0,Drama,3.988888888888889,495.0
Conclave,2024,783046,conclave-2024,tt20215234,974576,,,,1,2025-04-27T19:39:00.000Z,20215234,974576,,,,unmapped,,,,,,
Nosferatu,2024,808857,nosferatu-2024,tt5040012,426063,,,,1,2026-01-24T13:13:00.000Z,5040012,426063,,,,unmapped,,,,,,
Nobody 2,2025,810123,nobody-2-2025,tt28996126,1007734,,,,1,2026-01-24T14:52:00.000Z,28996126,1007734,,,,unmapped,,,,,,
A Real Pain,2024,815128,a-real-pain-2024,tt21823606,1013850,,,,1,2025-03-09T18:42:00.000Z,21823606,1013850,,,,unmapped,,,,,,
Trap,2024,830863,trap-2024,tt26753003,1032823,,,,1,2026-06-14T20:16:00.000Z,26753003,1032823,,,,unmapped,,,,,,
One Battle After Another,2025,848797,one-battle-after-another-2025,tt30144839,1054867,,,,1,2026-01-24T13:13:00.000Z,30144839,1054867,,,,unmapped,,,,,,
Superman,2025,853702,superman-2025,tt5950044,1061474,,,,1,2026-01-24T12:14:00.000Z,5950044,1061474,,,,unmapped,,,,,,
Anora,2024,856080,anora-2024,tt28607951,1064213,,,,1,2026-01-24T12:13:00.000Z,28607951,1064213,,,,unmapped,,,,,,
Weapons,2025,867094,weapons-2025,tt26581740,1078605,,,,1,2025-09-19T23:27:00.000Z,26581740,1078605,,,,unmapped,,,,,,
Companion,2025,871757,companion-2025,tt26584495,1084199,,,,1,2025-04-20T14:00:00.000Z,26584495,1084199,,,,unmapped,,,,,,
The Count of Monte Cristo,2024,872064,the-count-of-monte-cristo-2024,tt26446278,1084736,,,,1,2026-02-04T19:08:00.000Z,26446278,1084736,,,,unmapped,,,,,,
Parthenope,2024,892504,parthenope-2024,tt23853982,1109255,,,,1,2025-05-01T16:53:00.000Z,23853982,1109255,,,,unmapped,,,,,,
Bring Her Back,2025,927248,bring-her-back-2025,tt32246771,1151031,,,,1,2026-01-24T12:13:00.000Z,32246771,1151031,,,,unmapped,,,,,,
Our Fault,2025,931834,our-fault-2025,tt33311244,1156594,,,,1,2026-01-24T14:51:00.000Z,33311244,1156594,,,,unmapped,,,,,,
Longlegs,2024,991188,longlegs-2024,tt23468450,1226578,,,,1,2026-01-24T12:14:00.000Z,23468450,1226578,,,,unmapped,,,,,,
Sinners,2025,997581,sinners-2025,tt31193180,1233413,,,,1,2026-01-24T12:13:00.000Z,31193180,1233413,,,,unmapped,,,,,,
Dracula,2025,1009185,dracula-2025,tt31434030,1246049,,,,1,2026-01-24T14:49:00.000Z,31434030,1246049,,,,unmapped,,,,,,
Obsession,2026,1095879,obsession-2026,tt37287335,1339713,,,,1,2026-06-07T16:42:00.000Z,37287335,1339713,,,,unmapped,,,,,,
The Housemaid,2025,1117195,the-housemaid-2025,tt27543632,1368166,,,,1,2026-03-22T13:01:00.000Z,27543632,1368166,,,,unmapped,,,,,,
Sundays,2025,1181529,sundays-2025,tt35513027,1443576,,,,1,2026-04-11T22:49:00.000Z,35513027,1443576,,,,unmapped,,,,,,
