title,year,trakt_id,slug,imdb_id,tmdb_id,user_rating_trakt,user_rating_normalized,rated_at,plays,last_watched_at
Hoppers,2026,1085761,hoppers-2026,tt26443616,1327819,,,,4,2026-03-29T00:54:00.000Z
Ted,2012,52936,ted-2012,tt1637725,72105,,,,3,2026-04-26T14:11:00.000Z
Backrooms,2026,870815,backrooms-2026,tt26657236,1083381,,,,3,2026-06-07T14:48:00.000Z
Coraline,2009,8984,coraline-2009,tt0327597,14836,,,,2,2026-01-30T18:46:00.000Z
Whiplash,2014,149047,whiplash-2014,tt2582802,244786,,,,2,2026-04-29T23:24:00.000Z
The Bad Guys,2022,469856,the-bad-guys-2022,tt8115900,629542,,,,2,2026-02-08T23:59:00.000Z
My Fault,2023,812422,my-fault-2023,tt21909764,1010581,,,,2,2026-01-30T21:17:00.000Z
Novocaine,2025,964679,novocaine-2025,tt29603959,1195506,,,,2,2025-04-20T11:34:00.000Z
28 Years Later: The Bone Temple,2026,1033738,28-years-later-the-bone-temple-2026,tt32141377,1272837,,,,2,2026-02-07T00:28:00.000Z
Marty Supreme,2025,1076665,marty-supreme-2025,tt32916440,1317288,,,,2,2026-03-19T12:43:00.000Z
Star Wars,1977,7,star-wars-1977,tt0076759,11,,,,1,2026-01-24T12:14:00.000Z
Forrest Gump,1994,9,forrest-gump-1994,tt0109830,13,,,,1,2026-01-24T12:28:00.000Z
American Beauty,1999,10,american-beauty-1999,tt0169547,14,,,,1,2026-02-07T13:58:00.000Z
The Fifth Element,1997,14,the-fifth-element-1997,tt0119116,18,,,,1,2026-01-24T12:08:00.000Z
Pirates of the Caribbean: The Curse of the Black Pearl,2003,18,pirates-of-the-caribbean-the-curse-of-the-black-pearl-2003,tt0325980,22,,,,1,2026-01-24T14:50:00.000Z
Kill Bill: Vol. 1,2003,19,kill-bill-vol-1-2003,tt0266697,24,,,,1,2026-01-24T13:12:00.000Z
Apocalypse Now,1979,23,apocalypse-now-1979,tt0078788,28,,,,1,2026-01-24T12:07:00.000Z
Eternal Sunshine of the Spotless Mind,2004,29,eternal-sunshine-of-the-spotless-mind-2004,tt0338013,38,,,,1,2026-01-24T12:06:00.000Z
Pirates of the Caribbean: Dead Man's Chest,2006,31,pirates-of-the-caribbean-dead-man-s-chest-2006,tt0383574,58,,,,1,2026-01-24T14:51:00.000Z
2001: A Space Odyssey,1968,33,2001-a-space-odyssey-1968,tt0062622,62,,,,1,2026-01-24T14:49:00.000Z
Twelve Monkeys,1995,34,twelve-monkeys-1995,tt0114746,63,,,,1,2026-01-24T13:07:00.000Z
American History X,1998,43,american-history-x-1998,tt0120586,73,,,,1,2026-01-24T13:07:00.000Z
Before Sunrise,1995,46,before-sunrise-1995,tt0112471,76,,,,1,2026-01-24T12:36:00.000Z
Memento,2000,47,memento-2000,tt0209144,77,,,,1,2026-01-24T12:07:00.000Z
Blade Runner,1982,48,blade-runner-1982,tt0083658,78,,,,1,2026-01-24T12:29:00.000Z
Before Sunset,2004,50,before-sunset-2004,tt0381681,80,,,,1,2026-01-24T12:07:00.000Z
Raiders of the Lost Ark,1981,54,raiders-of-the-lost-ark-1981,tt0082971,85,,,,1,2026-01-24T12:29:00.000Z
Indiana Jones and the Temple of Doom,1984,56,indiana-jones-and-the-temple-of-doom-1984,tt0087469,87,,,,1,2026-01-24T13:41:00.000Z
Indiana Jones and the Last Crusade,1989,58,indiana-jones-and-the-last-crusade-1989,tt0097576,89,,,,1,2026-01-24T12:29:00.000Z
Gladiator,2000,67,gladiator-2000,tt0172495,98,,,,1,2026-01-24T12:06:00.000Z
All About My Mother,1999,68,all-about-my-mother-1999,tt0185125,99,,,,1,2026-02-04T19:06:00.000Z
Taxi Driver,1976,72,taxi-driver-1976,tt0075314,103,,,,1,2026-01-24T12:07:00.000Z
Snatch,2000,76,snatch-2000,tt0208092,107,,,,1,2026-01-24T12:07:00.000Z
Scarface,1983,80,scarface-1983,tt0086250,111,,,,1,2026-01-24T12:14:00.000Z
The Big Lebowski,1998,84,the-big-lebowski-1998,tt0118715,115,,,,1,2026-01-24T12:07:00.000Z
The Lord of the Rings: The Fellowship of the Ring,2001,88,the-lord-of-the-rings-the-fellowship-of-the-ring-2001,tt0120737,120,,,,1,2026-01-24T12:28:00.000Z
The Lord of the Rings: The Two Towers,2002,89,the-lord-of-the-rings-the-two-towers-2002,tt0167261,121,,,,1,2025-03-09T17:03:00.000Z
The Lord of the Rings: The Return of the King,2003,90,the-lord-of-the-rings-the-return-of-the-king-2003,tt0167260,122,,,,1,2026-01-24T12:13:00.000Z
Donnie Darko,2001,107,donnie-darko-2001,tt0246578,141,,,,1,2026-01-24T12:36:00.000Z
The Dark Knight,2008,120,the-dark-knight-2008,tt0468569,155,,,,1,2026-01-24T12:06:00.000Z
Ocean's Eleven,2001,126,ocean-s-eleven-2001,tt0240772,161,,,,1,2026-01-24T14:53:00.000Z
Edward Scissorhands,1990,127,edward-scissorhands-1990,tt0099487,162,,,,1,2026-02-05T13:51:00.000Z
28 Days Later,2002,135,28-days-later-2002,tt0289043,170,,,,1,2026-01-24T13:41:00.000Z
A Clockwork Orange,1971,149,a-clockwork-orange-1971,tt0066921,185,,,,1,2026-01-24T12:29:00.000Z
The Name of the Rose,1986,155,the-name-of-the-rose-1986,tt0091605,192,,,,1,2026-01-24T12:36:00.000Z
Amélie,2001,157,amelie-2001,tt0211915,194,,,,1,2026-01-24T12:30:00.000Z
Dead Poets Society,1989,169,dead-poets-society-1989,tt0097165,207,,,,1,2026-01-24T12:07:00.000Z
The Godfather,1972,196,the-godfather-1972,tt0068646,238,,,,1,2026-01-24T12:27:00.000Z
The Godfather: Part II,1974,198,the-godfather-part-ii-1974,tt0071562,240,,,,1,2026-01-24T12:36:00.000Z
Batman Begins,2005,228,batman-begins-2005,tt0372784,272,,,,1,2026-01-24T13:41:00.000Z
The Silence of the Lambs,1991,230,the-silence-of-the-lambs-1991,tt0102926,274,,,,1,2026-01-24T12:07:00.000Z
Fargo,1996,231,fargo-1996,tt0116282,275,,,,1,2026-01-24T12:07:00.000Z
Pirates of the Caribbean: At World's End,2007,239,pirates-of-the-caribbean-at-world-s-end-2007,tt0449088,285,,,,1,2026-01-24T13:07:00.000Z
Once Upon a Time in America,1984,262,once-upon-a-time-in-america-1984,tt0087843,311,,,,1,2026-01-24T12:07:00.000Z
Jurassic Park,1993,276,jurassic-park-1993,tt0107290,329,,,,1,2026-01-24T12:29:00.000Z
Alien,1979,295,alien-1979,tt0078748,348,,,,1,2026-01-24T12:28:00.000Z
Kill Bill: Vol. 2,2004,313,kill-bill-vol-2-2004,tt0378194,393,,,,1,2026-01-24T12:07:00.000Z
La Haine,1995,324,la-haine-1995,tt0113247,406,,,,1,2026-01-24T12:28:00.000Z
A Beautiful Mind,2001,358,a-beautiful-mind-2001,tt0268978,453,,,,1,2026-01-24T12:07:00.000Z
Borat: Cultural Learnings of America for Make Benefit Glorious Nation of Kazakhstan,2006,389,borat-cultural-learnings-of-america-for-make-benefit-glorious-nation-of-kazakhstan-2006,tt0443453,496,,,,1,2026-01-24T12:07:00.000Z
Reservoir Dogs,1992,392,reservoir-dogs-1992,tt0105236,500,,,,1,2026-01-24T12:28:00.000Z
Casino,1995,409,casino-1995,tt0112641,524,,,,1,2026-01-24T12:07:00.000Z
Life of Brian,1979,462,life-of-brian-1979,tt0079470,583,,,,1,2026-01-24T12:08:00.000Z
"Monsters, Inc.",2001,464,monsters-inc-2001,tt0198781,585,,,,1,2026-01-24T14:49:00.000Z
City of God,2002,476,city-of-god-2002,tt0317248,598,,,,1,2026-02-14T12:52:00.000Z
Full Metal Jacket,1987,478,full-metal-jacket-1987,tt0093058,600,,,,1,2026-01-24T12:07:00.000Z
The Matrix,1999,481,the-matrix-1999,tt0133093,603,,,,1,2026-01-24T12:13:00.000Z
The Matrix Revolutions,2003,483,the-matrix-revolutions-2003,tt0242653,605,,,,1,2026-01-24T13:06:00.000Z
Downfall,2004,489,downfall-2004,tt0363163,613,,,,1,2026-01-24T17:27:00.000Z
Grease,1978,497,grease-1978,tt0077631,621,,,,1,2026-01-24T14:52:00.000Z
Trainspotting,1996,503,trainspotting-1996,tt0117951,627,,,,1,2026-01-24T12:29:00.000Z
Life Is Beautiful,1997,513,life-is-beautiful-1997,tt0118799,637,,,,1,2026-01-24T13:12:00.000Z
Requiem for a Dream,2000,517,requiem-for-a-dream-2000,tt0180093,641,,,,1,2026-01-24T12:29:00.000Z
Pulp Fiction,1994,554,pulp-fiction-1994,tt0110912,680,,,,1,2026-01-24T12:06:00.000Z
The Shining,1980,566,the-shining-1980,tt0081505,694,,,,1,2026-01-24T12:06:00.000Z
Annie Hall,1977,575,annie-hall-1977,tt0075686,703,,,,1,2026-01-24T13:34:00.000Z
The Sixth Sense,1999,590,the-sixth-sense-1999,tt0167404,745,,,,1,2026-01-24T12:08:00.000Z
Shaun of the Dead,2004,592,shaun-of-the-dead-2004,tt0365748,747,,,,1,2026-01-24T13:05:00.000Z
Monty Python and the Holy Grail,1975,605,monty-python-and-the-holy-grail-1975,tt0071853,762,,,,1,2026-01-24T12:36:00.000Z
Braindead,1992,606,braindead-1992,tt0103873,763,,,,1,2026-01-24T12:37:00.000Z
GoodFellas,1990,612,goodfellas-1990,tt0099685,769,,,,1,2026-01-24T12:06:00.000Z
Gattaca,1997,625,gattaca-1997,tt0119177,782,,,,1,2026-01-24T12:07:00.000Z
Shrek,2001,651,shrek-2001,tt0126029,808,,,,1,2026-01-24T14:48:00.000Z
Shrek 2,2004,652,shrek-2-2004,tt0298148,809,,,,1,2026-01-24T14:51:00.000Z
Toy Story,1995,705,toy-story-1995,tt0114709,862,,,,1,2026-01-24T14:48:00.000Z
Toy Story 2,1999,706,toy-story-2-1999,tt0120363,863,,,,1,2026-01-24T14:50:00.000Z
The Prestige,2006,851,the-prestige-2006,tt0482571,1124,,,,1,2026-01-24T12:28:00.000Z
American Psycho,2000,898,american-psycho-2000,tt0144084,1359,,,,1,2026-01-24T13:13:00.000Z
Pan's Labyrinth,2006,947,pan-s-labyrinth-2006,tt0457430,1417,,,,1,2026-01-24T12:29:00.000Z
The Departed,2006,952,the-departed-2006,tt0407887,1422,,,,1,2026-01-24T17:27:00.000Z
28 Weeks Later,2007,1021,28-weeks-later-2007,tt0463854,1562,,,,1,2026-01-24T14:50:00.000Z
Iron Man,2008,1157,iron-man-2008,tt0371746,1726,,,,1,2026-01-24T13:06:00.000Z
Fear and Loathing in Las Vegas,1998,1254,fear-and-loathing-in-las-vegas-1998,tt0120669,1878,,,,1,2026-02-04T19:07:00.000Z
The Empire Strikes Back,1980,1266,the-empire-strikes-back-1980,tt0080684,1891,,,,1,2026-02-05T13:49:00.000Z
Return of the Jedi,1983,1267,return-of-the-jedi-1983,tt0086190,1892,,,,1,2026-01-24T12:29:00.000Z
The Others,2001,1304,the-others-2001,tt0230600,1933,,,,1,2026-01-24T12:07:00.000Z
Crank,2006,1319,crank-2006,tt0479884,1948,,,,1,2025-07-21T06:51:00.000Z
"I, Robot",2004,1406,i-robot-2004,tt0343818,2048,,,,1,2026-01-24T13:06:00.000Z
Ratatouille,2007,1416,ratatouille-2007,tt0382932,2062,,,,1,2026-01-24T14:50:00.000Z
American Pie,1999,1454,american-pie-1999,tt0163651,2105,,,,1,2025-08-30T19:56:00.000Z
Deconstructing Harry,1997,1780,deconstructing-harry-1997,tt0118954,2639,,,,1,2025-05-10T01:31:00.000Z
American Pie 2,2001,1851,american-pie-2-2001,tt0252866,2770,,,,1,2025-08-30T23:03:00.000Z
Monty Python's The Meaning of Life,1983,2671,monty-python-s-the-meaning-of-life-1983,tt0085959,4543,,,,1,2026-01-24T12:36:00.000Z
The Curious Case of Benjamin Button,2008,2857,the-curious-case-of-benjamin-button-2008,tt0421715,4922,,,,1,2026-02-05T13:52:00.000Z
10 Things I Hate About You,1999,2885,10-things-i-hate-about-you-1999,tt0147800,4951,,,,1,2026-02-11T18:29:00.000Z
Boogie Nights,1997,2925,boogie-nights-1997,tt0118749,4995,,,,1,2025-09-25T15:10:00.000Z
No Country for Old Men,2007,3798,no-country-for-old-men-2007,tt0477348,6977,,,,1,2026-01-24T12:14:00.000Z
Tropic Thunder,2008,3907,tropic-thunder-2008,tt0942385,7446,,,,1,2026-01-24T13:07:00.000Z
Punch-Drunk Love,2002,4018,punch-drunk-love-2002,tt0272338,8051,,,,1,2026-01-24T12:28:00.000Z
American Wedding,2003,4097,american-wedding-2003,tt0328828,8273,,,,1,2025-08-31T15:42:00.000Z
Superbad,2007,4151,superbad-2007,tt0829482,8363,,,,1,2026-01-24T12:07:00.000Z
Twilight,2008,4433,twilight-2008,tt1099212,8966,,,,1,2026-01-24T13:08:00.000Z
Toy Story 3,2010,5407,toy-story-3-2010,tt0435761,10193,,,,1,2026-01-24T14:52:00.000Z
WALL·E,2008,5853,wall-e-2008,tt0910970,10681,,,,1,2026-01-24T14:47:00.000Z
The Notebook,2004,6173,the-notebook-2004,tt0332280,11036,,,,1,2026-01-24T12:07:00.000Z
Cinema Paradiso,1988,6342,cinema-paradiso-1988,tt0095765,11216,,,,1,2026-04-30T19:33:00.000Z
Shutter Island,2010,6422,shutter-island-2010,tt1130884,11324,,,,1,2026-01-24T12:29:00.000Z
Love and Death,1975,6759,love-and-death-1975,tt0073312,11686,,,,1,2025-05-03T02:52:00.000Z
Slumdog Millionaire,2008,7198,slumdog-millionaire-2008,tt1010048,12405,,,,1,2025-08-29T22:30:00.000Z
Harry Potter and the Deathly Hallows: Part 2,2011,7229,harry-potter-and-the-deathly-hallows-part-2-2011,tt1201607,12445,,,,1,2026-01-24T14:50:00.000Z
Gran Torino,2008,7759,gran-torino-2008,tt1205489,13223,,,,1,2026-01-24T13:07:00.000Z
Up,2009,8476,up-2009,tt1049413,14160,,,,1,2026-01-24T14:51:00.000Z
Inglourious Basterds,2009,10322,inglourious-basterds-2009,tt0361748,16869,,,,1,2026-01-24T12:06:00.000Z
Moon,2009,10655,moon-2009,tt1182345,17431,,,,1,2026-01-24T12:36:00.000Z
The Hangover,2009,11534,the-hangover-2009,tt1119646,18785,,,,1,2026-01-24T14:50:00.000Z
Zombieland,2009,12222,zombieland-2009,tt1156398,19908,,,,1,2026-01-24T13:07:00.000Z
(500) Days of Summer,2009,12224,500-days-of-summer-2009,tt1022603,19913,,,,1,2026-01-24T14:51:00.000Z
Kick-Ass,2010,14160,kick-ass-2010,tt1250777,23483,,,,1,2026-01-24T13:07:00.000Z
Inception,2010,16662,inception-2010,tt1375666,27205,,,,1,2026-01-24T12:06:00.000Z
Mr. Nobody,2009,19769,mr-nobody-2009,tt0485947,31011,,,,1,2026-01-24T13:13:00.000Z
The Truman Show,1998,23734,the-truman-show-1998,tt0120382,37165,,,,1,2026-01-24T12:14:00.000Z
Tangled,2010,25084,tangled-2010,tt0398286,38757,,,,1,2026-02-15T14:02:00.000Z
Super,2010,30741,super-2010,tt1512235,45132,,,,1,2025-09-12T11:40:00.000Z
The Dark Knight Rises,2012,34073,the-dark-knight-rises-2012,tt1345836,49026,,,,1,2026-01-24T12:37:00.000Z
Gravity,2013,34093,gravity-2013,tt1454468,49047,,,,1,2026-01-24T13:07:00.000Z
The Hobbit: An Unexpected Journey,2012,34097,the-hobbit-an-unexpected-journey-2012,tt0903624,49051,,,,1,2026-01-24T13:06:00.000Z
"Crazy, Stupid, Love.",2011,35436,crazy-stupid-love-2011,tt1570728,50646,,,,1,2026-01-24T14:52:00.000Z
The Hobbit: The Desolation of Smaug,2013,40808,the-hobbit-the-desolation-of-smaug-2013,tt1170358,57158,,,,1,2026-01-24T14:54:00.000Z
Midnight in Paris,2011,42597,midnight-in-paris-2011,tt1605783,59436,,,,1,2026-02-04T19:06:00.000Z
Looper,2012,42897,looper-2012,tt1276104,59967,,,,1,2026-01-24T13:07:00.000Z
21 Jump Street,2012,46734,21-jump-street-2012,tt1232829,64688,,,,1,2026-01-24T13:08:00.000Z
Drive,2011,46736,drive-2011,tt0780504,64690,,,,1,2026-01-28T14:54:00.000Z
Django Unchained,2012,50131,django-unchained-2012,tt1853728,68718,,,,1,2026-01-24T12:06:00.000Z
Now You See Me,2013,55786,now-you-see-me-2013,tt1670345,75656,,,,1,2026-01-24T13:06:00.000Z
Mad Max: Fury Road,2015,56360,mad-max-fury-road-2015,tt1392190,76341,,,,1,2026-01-24T12:07:00.000Z
The Dictator,2012,56495,the-dictator-2012,tt1645170,76493,,,,1,2026-01-24T14:54:00.000Z
The Intouchables,2011,57181,the-intouchables-2011,tt1675434,77338,,,,1,2026-01-24T13:08:00.000Z
Magic Mike,2012,57642,magic-mike-2012,tt1915581,77930,,,,1,2025-06-30T20:56:00.000Z
Silver Linings Playbook,2012,61867,silver-linings-playbook-2012,tt1045658,82693,,,,1,2026-02-04T19:07:00.000Z
Rush,2013,70421,rush-2013,tt1979320,96721,,,,1,2026-02-04T19:08:00.000Z
The Hunger Games: Catching Fire,2013,72719,the-hunger-games-catching-fire-2013,tt1951264,101299,,,,1,2026-01-24T14:54:00.000Z
The Wolf of Wall Street,2013,75735,the-wolf-of-wall-street-2013,tt0993846,106646,,,,1,2026-01-24T12:07:00.000Z
Guardians of the Galaxy,2014,82405,guardians-of-the-galaxy-2014,tt2015381,118340,,,,1,2026-01-24T13:06:00.000Z
The Grand Budapest Hotel,2014,83614,the-grand-budapest-hotel-2014,tt2278388,120467,,,,1,2026-01-24T12:14:00.000Z
About Time,2013,84894,about-time-2013,tt2194499,122906,,,,1,2026-01-24T12:07:00.000Z
The Hobbit: The Battle of the Five Armies,2014,84900,the-hobbit-the-battle-of-the-five-armies-2014,tt2310332,122917,,,,1,2026-01-24T14:52:00.000Z
X-Men: Days of Future Past,2014,87348,x-men-days-of-future-past-2014,tt1877832,127585,,,,1,2026-01-24T13:06:00.000Z
The Hunger Games: Mockingjay - Part 1,2014,89542,the-hunger-games-mockingjay-part-1-2014,tt1951265,131631,,,,1,2026-01-24T14:54:00.000Z
The Hunger Games: Mockingjay - Part 2,2015,89543,the-hunger-games-mockingjay-part-2-2015,tt1951266,131634,,,,1,2026-01-24T14:52:00.000Z
Before Midnight,2013,89883,before-midnight-2013,tt2209418,132344,,,,1,2026-01-24T12:28:00.000Z
Dallas Buyers Club,2013,99886,dallas-buyers-club-2013,tt0790636,152532,,,,1,2026-02-11T18:27:00.000Z
Her,2013,99919,her-2013,tt1798709,152601,,,,1,2026-01-24T12:08:00.000Z
Interstellar,2014,102156,interstellar-2014,tt0816692,157336,,,,1,2026-01-24T12:28:00.000Z
The Great Beauty,2013,113108,the-great-beauty-2013,tt2358891,179144,,,,1,2026-01-24T13:49:00.000Z
Birdman or (The Unexpected Virtue of Ignorance),2014,121489,birdman-or-the-unexpected-virtue-of-ignorance-2014,tt2562232,194662,,,,1,2026-01-24T12:29:00.000Z
The Maze Runner,2014,124008,the-maze-runner-2014,tt1790864,198663,,,,1,2026-01-24T13:07:00.000Z
Coherence,2014,135581,coherence-2014,tt2866360,220289,,,,1,2025-09-08T21:52:00.000Z
Nightcrawler,2014,147742,nightcrawler-2014,tt2872718,242582,,,,1,2026-02-04T19:09:00.000Z
The Lobster,2015,154718,the-lobster-2015,tt3464902,254320,,,,1,2026-01-24T13:08:00.000Z
Ex Machina,2015,163375,ex-machina-2015,tt0470752,264660,,,,1,2026-01-24T12:30:00.000Z
The Revenant,2015,179334,the-revenant-2015,tt1663202,281957,,,,1,2026-01-24T13:06:00.000Z
The Martian,2015,183371,the-martian-2015,tt3659388,286217,,,,1,2026-01-24T14:48:00.000Z
Deadpool,2016,190430,deadpool-2016,tt1431045,293660,,,,1,2026-02-04T19:06:00.000Z
Avengers: Infinity War,2018,191797,avengers-infinity-war-2018,tt4154756,299536,,,,1,2026-01-24T12:29:00.000Z
Avengers: Endgame,2019,191798,avengers-endgame-2019,tt4154796,299534,,,,1,2026-01-24T12:07:00.000Z
La La Land,2016,192932,la-la-land-2016,tt3783958,313369,,,,1,2026-01-24T12:08:00.000Z
The Big Short,2015,199563,the-big-short-2015,tt1596363,318846,,,,1,2026-01-24T13:07:00.000Z
The Lord of the Rings: The Return of the King (Extended),2003,209344,the-lord-of-the-rings-the-return-of-the-king-extended-2003,,328443,,,,1,2026-01-24T12:06:00.000Z
The Lord of the Rings: The Fellowship of the Ring (Extended),2001,210288,the-lord-of-the-rings-the-fellowship-of-the-ring-extended-2001,,329367,,,,1,2026-01-24T13:12:00.000Z
Arrival,2016,210803,arrival-2016,tt2543164,329865,,,,1,2026-01-24T12:14:00.000Z
Ready Player One,2018,214279,ready-player-one-2018,tt1677720,333339,,,,1,2026-01-24T14:50:00.000Z
Blade Runner 2049,2017,216716,blade-runner-2049-2017,tt1856101,335984,,,,1,2026-01-24T13:40:00.000Z
Maze Runner: The Death Cure,2018,217461,maze-runner-the-death-cure-2018,tt4500922,336843,,,,1,2026-01-24T14:54:00.000Z
Baby Driver,2017,219867,baby-driver-2017,tt3890160,339403,,,,1,2026-01-24T13:06:00.000Z
Annihilation,2018,220563,annihilation-2018,tt2798920,300668,,,,1,2026-01-24T13:08:00.000Z
Dunkirk,2017,224641,dunkirk-2017,tt5013056,374720,,,,1,2026-01-24T13:06:00.000Z
Deadpool 2,2018,226108,deadpool-2-2018,tt5463162,383498,,,,1,2026-01-24T13:06:00.000Z
Barbie,2023,242104,barbie-2023,tt1517268,346698,,,,1,2026-01-24T14:50:00.000Z
The Irishman,2019,242125,the-irishman-2019,tt1302006,398978,,,,1,2026-01-24T12:29:00.000Z
Kill Bill: The Whole Bloody Affair,2011,259317,kill-bill-the-whole-bloody-affair-2011,tt6019206,414419,,,,1,2026-01-24T12:37:00.000Z
Get Out,2017,264623,get-out-2017,tt5052448,419430,,,,1,2026-01-24T12:29:00.000Z
The Suicide Squad,2021,283364,the-suicide-squad-2021,tt6334354,436969,,,,1,2025-09-19T16:17:00.000Z
Dune,2021,287071,dune-2021,tt1160419,438631,,,,1,2026-01-24T12:29:00.000Z
Now You See Me: Now You Don't,2025,292275,now-you-see-me-now-you-don-t-2025,tt4712810,425274,,,,1,2026-01-24T14:47:00.000Z
A Quiet Place,2018,293955,a-quiet-place-2018,tt6644200,447332,,,,1,2025-06-22T11:47:00.000Z
Guardians of the Galaxy Volume 3,2023,293990,guardians-of-the-galaxy-volume-3-2023,tt6791350,447365,,,,1,2026-01-24T14:51:00.000Z
Once Upon a Time... in Hollywood,2019,313464,once-upon-a-time-in-hollywood-2019,tt7131622,466272,,,,1,2026-01-24T17:27:00.000Z
Killers of the Flower Moon,2023,313884,killers-of-the-flower-moon-2023,tt5537002,466420,,,,1,2026-01-24T12:28:00.000Z
Joker,2019,322988,joker-2019,tt7286456,475557,,,,1,2026-01-24T12:14:00.000Z
Ford v Ferrari,2019,324762,ford-v-ferrari-2019,tt1950186,359724,,,,1,2026-01-24T13:41:00.000Z
Uncut Gems,2019,328678,uncut-gems-2019,tt5727208,473033,,,,1,2026-01-24T12:07:00.000Z
Hereditary,2018,340974,hereditary-2018,tt7784604,493922,,,,1,2026-01-24T12:14:00.000Z
Parasite,2019,343180,parasite-2019,tt6751668,496243,,,,1,2026-01-24T12:27:00.000Z
Triangle of Sadness,2022,344829,triangle-of-sadness-2022,tt7322224,497828,,,,1,2026-01-24T12:14:00.000Z
Dora and the Lost City of Gold,2019,346883,dora-and-the-lost-city-of-gold-2019,tt7547410,499701,,,,1,2026-03-22T01:16:00.000Z
Midsommar,2019,382491,midsommar-2019,tt8772262,530385,,,,1,2026-01-24T14:48:00.000Z
1917,2019,382862,1917-2019,tt8579674,530915,,,,1,2026-01-24T12:07:00.000Z
Everything Everywhere All at Once,2022,396092,everything-everywhere-all-at-once-2022,tt6710474,545611,,,,1,2025-03-09T14:19:00.000Z
Free Guy,2021,400704,free-guy-2021,tt6264654,550988,,,,1,2026-01-24T14:52:00.000Z
Gladiator II,2024,409281,gladiator-ii-2024,tt9218128,558449,,,,1,2026-01-24T14:51:00.000Z
The Green Knight,2021,410283,the-green-knight-2021,tt9243804,559907,,,,1,2026-01-24T12:29:00.000Z
Spider-Man: Across the Spider-Verse,2023,420606,spider-man-across-the-spider-verse-2023,tt9362722,569094,,,,1,2026-01-24T14:47:00.000Z
Tenet,2020,427989,tenet-2020,tt6723592,577922,,,,1,2026-01-24T14:49:00.000Z
Another Round,2020,429695,another-round-2020,tt10288566,580175,,,,1,2026-01-28T14:53:00.000Z
The Menu,2022,439843,the-menu-2022,tt9764362,593643,,,,1,2026-01-24T12:14:00.000Z
Palm Springs,2020,439986,palm-springs-2020,tt9484998,587792,,,,1,2026-02-04T19:07:00.000Z
Nobody,2021,458837,nobody-2021,tt7888964,615457,,,,1,2026-01-24T13:07:00.000Z
Babylon,2022,459051,babylon-2022,tt10640346,615777,,,,1,2026-01-24T12:13:00.000Z
The Northman,2022,478776,the-northman-2022,tt11138512,639933,,,,1,2026-01-24T12:13:00.000Z
Eddington,2025,485271,eddington-2025,tt31176520,648878,,,,1,2026-01-24T13:08:00.000Z
Glass Onion: A Knives Out Mystery,2022,495668,glass-onion-a-knives-out-mystery-2022,tt11564570,661374,,,,1,2026-01-24T12:14:00.000Z
The Banshees of Inisherin,2022,507545,the-banshees-of-inisherin-2022,tt11813216,674324,,,,1,2026-01-24T13:12:00.000Z
Dune: Part Two,2024,537449,dune-part-two-2024,tt15239678,693134,,,,1,2026-01-24T12:07:00.000Z
Mickey 17,2025,540151,mickey-17-2025,tt12299608,696506,,,,1,2026-01-24T14:53:00.000Z
Bugonia,2025,545111,bugonia-2025,tt12300742,701387,,,,1,2026-01-24T12:14:00.000Z
Evil Dead Rise,2023,556530,evil-dead-rise-2023,tt13345606,713704,,,,1,2026-01-24T12:14:00.000Z
Licorice Pizza,2021,560812,licorice-pizza-2021,tt11271038,718032,,,,1,2026-01-24T13:41:00.000Z
Bullet Train,2022,561702,bullet-train-2022,tt12593682,718930,,,,1,2026-01-24T13:07:00.000Z
Furiosa: A Mad Max Saga,2024,623532,furiosa-a-mad-max-saga-2024,tt12037194,786892,,,,1,2026-01-24T12:14:00.000Z
Poor Things,2023,628026,poor-things-2023,tt14230458,792307,,,,1,2026-01-24T12:28:00.000Z
The Killer,2023,635402,the-killer-2023,tt1136617,800158,,,,1,2026-01-24T12:14:00.000Z
The Holdovers,2023,671129,the-holdovers-2023,tt14849194,840430,,,,1,2026-01-24T12:08:00.000Z
Oppenheimer,2023,698292,oppenheimer-2023,tt15398776,872585,,,,1,2026-01-24T12:07:00.000Z
Society of the Snow,2023,725415,society-of-the-snow-2023,tt16277242,906126,,,,1,2026-01-24T12:14:00.000Z
Civil War,2024,745438,civil-war-2024,tt17279496,929590,,,,1,2026-01-24T12:13:00.000Z
The Substance,2024,748546,the-substance-2024,tt17526714,933260,,,,1,2026-01-24T12:13:00.000Z
Late Night with the Devil,2024,753560,late-night-with-the-devil-2024,tt14966898,938614,,,,1,2026-01-24T12:14:00.000Z
Alien: Romulus,2024,759944,alien-romulus-2024,tt18412256,945961,,,,1,2026-01-24T12:08:00.000Z
Aftersun,2022,775972,aftersun-2022,tt19770238,965150,,,,1,2026-01-24T12:28:00.000Z
Conclave,2024,783046,conclave-2024,tt20215234,974576,,,,1,2025-04-27T19:39:00.000Z
Nosferatu,2024,808857,nosferatu-2024,tt5040012,426063,,,,1,2026-01-24T13:13:00.000Z
Nobody 2,2025,810123,nobody-2-2025,tt28996126,1007734,,,,1,2026-01-24T14:52:00.000Z
A Real Pain,2024,815128,a-real-pain-2024,tt21823606,1013850,,,,1,2025-03-09T18:42:00.000Z
Trap,2024,830863,trap-2024,tt26753003,1032823,,,,1,2026-06-14T20:16:00.000Z
One Battle After Another,2025,848797,one-battle-after-another-2025,tt30144839,1054867,,,,1,2026-01-24T13:13:00.000Z
Superman,2025,853702,superman-2025,tt5950044,1061474,,,,1,2026-01-24T12:14:00.000Z
Anora,2024,856080,anora-2024,tt28607951,1064213,,,,1,2026-01-24T12:13:00.000Z
Weapons,2025,867094,weapons-2025,tt26581740,1078605,,,,1,2025-09-19T23:27:00.000Z
Companion,2025,871757,companion-2025,tt26584495,1084199,,,,1,2025-04-20T14:00:00.000Z
The Count of Monte Cristo,2024,872064,the-count-of-monte-cristo-2024,tt26446278,1084736,,,,1,2026-02-04T19:08:00.000Z
Parthenope,2024,892504,parthenope-2024,tt23853982,1109255,,,,1,2025-05-01T16:53:00.000Z
Bring Her Back,2025,927248,bring-her-back-2025,tt32246771,1151031,,,,1,2026-01-24T12:13:00.000Z
Our Fault,2025,931834,our-fault-2025,tt33311244,1156594,,,,1,2026-01-24T14:51:00.000Z
Longlegs,2024,991188,longlegs-2024,tt23468450,1226578,,,,1,2026-01-24T12:14:00.000Z
Sinners,2025,997581,sinners-2025,tt31193180,1233413,,,,1,2026-01-24T12:13:00.000Z
Dracula,2025,1009185,dracula-2025,tt31434030,1246049,,,,1,2026-01-24T14:49:00.000Z
Obsession,2026,1095879,obsession-2026,tt37287335,1339713,,,,1,2026-06-07T16:42:00.000Z
The Housemaid,2025,1117195,the-housemaid-2025,tt27543632,1368166,,,,1,2026-03-22T13:01:00.000Z
Sundays,2025,1181529,sundays-2025,tt35513027,1443576,,,,1,2026-04-11T22:49:00.000Z
